;Name;Status;2016;2017;2018;2019;2020
An Giang;An Giang;Province;1972983.76545;1951200.21848;1929657.18182;1908352;1887046.81818
An Giang;An Phú;District;156692.06229;153952.07482;151260;148615;145970
An Giang;Châu Đốc;District-level City;104476.45867;103564.7055;102660.90909;101765;100869.09091
An Giang;Châu Phú;District;217333.94781;213721.58934;210169.27273;206676;203182.72727
An Giang;Châu Thành;District;156429.29554;154723.66728;153036.63636;151368;149699.36364
An Giang;Chợ Mới;District;318243.56182;314785.26327;311364.54545;307981;304597.45455
An Giang;Long Xuyên;District-level City;274084.88021;273510.38347;272937.09091;272365;271792.90909
An Giang;Phú Tân;District;196052.70528;193656.29756;191289.18182;188951;186612.81818
An Giang;Tân Châu;District-level Town;147963.02759;145677.22129;143426.72727;141211;138995.27273
An Giang;Thoại Sơn;District;168141.80898;166555.28318;164983.72727;163427;161870.27273
An Giang;Tịnh Biên;District;111928.66888;110795.00238;109672.81818;108562;107451.18182
An Giang;Tri Tôn;District;121758.9242;120298.84414;118856.27273;117431;116005.72727
Bắc Giang;Bắc Giang;Province;1736671.69904;1758814.28135;1781239.18182;1803950;1826660.81818
Bắc Giang;Bắc Giang;District-level City;166239.07344;168860.8176;171523.90909;174229;176934.09091
Bắc Giang;Hiệp Hòa;District;238180.82442;241234.56334;244327.45455;247460;250592.54545
Bắc Giang;Lạng Giang;District;208662.47107;211404.13298;214181.81818;216996;219810.18182
Bắc Giang;Lục Nam;District;218686.97835;221161.21957;223663.45455;226194;228724.54545
Bắc Giang;Lục Ngạn;District;220559.59287;222535.31107;224528.72727;226540;228551.27273
Bắc Giang;Sơn Động;District;74110.42782;74769.73576;75434.90909;76106;76777.09091
Bắc Giang;Tân Yên;District;172208.93813;173878.06195;175563.36364;177265;178966.63636
Bắc Giang;Việt Yên;District;193617.04157;197627.70871;201721.45455;205900;210078.54545
Bắc Giang;Yên Dũng;District;145622.10689;147758.24945;149925.72727;152125;154324.27273
Bắc Giang;Yên Thế;District;98852.48092;99607.53863;100368.36364;101135;101901.63636
Bắc Kạn;Bắc Kạn;Province;308460.69094;310264.88725;312079.63636;313905;315730.36364
Bắc Kạn;Ba Bể;District;47788.36239;47966.57617;48145.45455;48325;48504.54545
Bắc Kạn;Bạch Thông;District;30831.11493;30907.55362;30984.18182;31061;31137.81818
Bắc Kạn;Bắc Kạn;District-level City;42927.25148;43618.96187;44321.81818;45036;45750.18182
Bắc Kạn;Chợ Đồn;District;49164.47964;49293.97836;49423.81818;49554;49684.18182
Bắc Kạn;Chợ Mới;District;38358.10577;38557.03704;38757;38958;39159
Bắc Kạn;Na Rì;District;38047.6779;38119.31696;38191.09091;38263;38334.90909
Bắc Kạn;Ngân Sơn;District;28837.77167;28980.80385;29124.54545;29269;29413.45455
Bắc Kạn;Pác Nặm;District;32525.62651;32827.27809;33131.72727;33439;33746.27273
Bạc Liêu;Bạc Liêu;Province;893473.99659;898037.97795;902625.27273;907236;911846.72727
Bạc Liêu;Bạc Liêu;District-level City;153869.44181;154612.69851;155359.54545;156110;156860.45455
Bạc Liêu;Đông Hải;District;150169.76533;150981.77818;151798.18182;152619;153439.81818
Bạc Liêu;Giá Rai;District-level Town;141884.34626;142458.23976;143034.45455;143613;144191.54545
Bạc Liêu;Hòa Bình;District;114788.86173;115768.52315;116756.54545;117753;118749.45455
Bạc Liêu;Hồng Dân;District;110038.48336;110638.37919;111241.54545;111848;112454.45455
Bạc Liêu;Phước Long;District;122485.32031;123076.68712;123670.90909;124268;124865.09091
Bạc Liêu;Vĩnh Lợi;District;100244.29247;100503.85565;100764.09091;101025;101285.90909
Bắc Ninh;Bắc Ninh;Province;1277053.05219;1306943.62729;1337533.81818;1368840;1400146.18182
Bắc Ninh;Bắc Ninh;District-level City;225646.93072;232771.31395;240120.63636;247702;255283.36364
Bắc Ninh;Gia Bình;District;100479.56611;101482.00984;102494.45455;103517;104539.54545
Bắc Ninh;Lương Tài;District;102263.88148;102993.70016;103728.72727;104469;105209.27273
Bắc Ninh;Quế Võ;District;179824.4036;184957.0435;190236.18182;195666;201095.81818
Bắc Ninh;Thuận Thành;District;164575.41743;166995.1923;169450.54545;171942;174433.45455
Bắc Ninh;Tiên Du;District;162638.18147;167120.77131;171726.90909;176460;181193.09091
Bắc Ninh;Từ Sơn;District-level Town;166675.65614;169859.24223;173103.63636;176410;179716.36364
Bắc Ninh;Yên Phong;District;175225.12979;180858.37792;186672.72727;192674;198675.27273
Bà Rịa - Vũng Tàu;Bà Rịa - Vũng Tàu;Province;1107453.52718;1120909.20149;1134528.36364;1148313;1162097.63636
Bà Rịa - Vũng Tàu;Bà Rịa;District-level City;104933.74215;106174.75979;107430.45455;108701;109971.54545
Bà Rịa - Vũng Tàu;Châu Đức;District;143708.23452;143758.47211;143808.72727;143859;143909.27273
Bà Rịa - Vũng Tàu;Côn Đảo;District;7855.87331;8167.09028;8490.63636;8827;9163.36364
Bà Rịa - Vũng Tàu;Đất Đỏ;District;72436.91626;72799.45996;73163.81818;73530;73896.18182
Bà Rịa - Vũng Tàu;Long Điền;District;132896.86379;133845.45555;134800.81818;135763;136725.18182
Bà Rịa - Vũng Tàu;Phú M ;District-level Town;166082.17461;170529.93969;175096.81818;179786;184475.18182
Bà Rịa - Vũng Tàu;Vũng Tàu;District-level City;340774.49962;346139.42796;351588.81818;357124;362659.18182
Bà Rịa - Vũng Tàu;Xuyên Mộc;District;139005.85033;139575.8927;140148.27273;140723;141297.72727
Bến Tre;Bến Tre;Province;1279615.05799;1282557.60027;1285506.90909;1288463;1291419.09091
Bến Tre;Ba Tri;District;185461.49835;185218.68113;184976.18182;184734;184491.81818
Bến Tre;Bến Tre;District-level City;122877.36488;123415.54931;123956.09091;124499;125041.90909
Bến Tre;Bình Đại;District;135914.80257;136376.2996;136839.36364;137304;137768.63636
Bến Tre;Châu Thành;District;170199.64793;172076.65571;173974.36364;175893;177811.63636
Bến Tre;Chợ Lách;District;114756.2501;113632.5323;112519.81818;111418;110316.18182
Bến Tre;Giồng Trôm;District;169648.2253;169761.07512;169874;169987;170100
Bến Tre;Mỏ Cày Bắc;District;108983.00072;110374.16671;111783.09091;113210;114636.90909
Bến Tre;Mỏ Cày Nam;District;144000.41554;143859.13847;143718;143577;143436
Bến Tre;Thạnh Phú;District;127916.01467;127891.00489;127866;127841;127816
Bình Định;Bình Định;Province;1486794.45797;1486835.6375;1486876.81818;1486918;1486959.18182
Bình Định;An Lão;District;26856.82575;27179.65443;27506.36364;27837;28167.63636
Bình Định;An Nhơn;District-level Town;176450.49515;176202.98307;175955.81818;175709;175462.18182
Bình Định;Hoài Ân;District;85356.00674;85470.51747;85585.18182;85700;85814.81818
Bình Định;Hoài Nhơn;District;207339.78013;207557.95709;207776.36364;207995;208213.63636
Bình Định;Phù Cát;District;184697.95552;184277.68142;183858.36364;183440;183021.63636
Bình Định;Phù Mỹ;District;163683.39094;162973.5198;162266.72727;161563;160859.27273
Bình Định;Qui Nhơn;District-level City;287464.91784;288325.03579;289187.72727;290053;290918.27273
Bình Định;Tây Sơn;District;117981.63449;117306.56777;116635.36364;115968;115300.63636
Bình Định;Tuy Phước;District;180134.82402;180153.5474;180172.27273;180191;180209.72727
Bình Định;Vân Canh;District;27007.61027;27293.69897;27582.81818;27875;28167.18182
Bình Định;Vĩnh Thạnh;District;29880.95784;30114.47555;30349.81818;30587;30824.18182
Bình Dương;Bình Dương;Province;2177847.73942;2257782.38348;2340650.90909;2426561;2512471.09091
Bình Dương;Bắc Tân Uyên;District;61227.34899;62734.17812;64278.09091;65860;67441.90909
Bình Dương;Bàu Bàng;District;82957.99927;86079.4122;89318.27273;92679;96039.72727
Bình Dương;Bến Cát;District-level Town;259808.24534;273408.47405;287720.63636;302782;317843.36364
Bình Dương;Dầu Tiếng;District;110021.56004;110832.38318;111649.18182;112472;113294.81818
Bình Dương;Dĩ An;District-level Town;428238.47948;443191.14555;458665.90909;474681;490696.09091
Bình Dương;Phú Giáo;District;88064.45919;88619.79679;89178.63636;89741;90303.36364
Bình Dương;Tân Uyên;District-level Town;315123.493;332599.26153;351044.18182;370512;389979.81818
Bình Dương;Thuận An;District-level Town;538050.06153;556782.61957;576167.36364;596227;616286.63636
Bình Dương;Thủ Dầu Một;District-level City;295416.86367;303900.92341;312628.63636;321607;330585.36364
Bình Phước;Bình Phước;Province;962020.99173;972786.08293;983671.63636;994679;1005686.36364
Bình Phước;Bình Long;District-level Town;53702.02707;54970.48735;56268.90909;57598;58927.09091
Bình Phước;Bù Đăng;District;138284.15825;138879.20794;139476.81818;140077;140677.18182
Bình Phước;Bù Đốp;District;55761.09463;56273.01562;56789.63636;57311;57832.36364
Bình Phước;Bù Gia Mập;District;80783.94897;82169.72498;83579.27273;85013;86446.72727
Bình Phước;Chơn Thành;District;83447.44436;85900.79437;88426.27273;91026;93625.72727
Bình Phước;Đồng Phú;District;92635.70205;93900.13072;95181.81818;96481;97780.18182
Bình Phước;Đồng Xoài;District-level Town;101007.28267;103475.70683;106004.45455;108595;111185.54545
Bình Phước;Hớn Quản;District;101600.55311;100664.09725;99736.27273;98817;97897.72727
Bình Phước;Lộc Ninh;District;113108.84092;113510.79715;113914.18182;114319;114723.81818
Bình Phước;Phước Long;District-level Town;51631.09115;52406.36138;53193.27273;53992;54790.72727
Bình Phước;Phú Riềng;District;90406.17863;90752.78851;91100.72727;91450;91799.27273
Bình Thuận;Bình Thuận;Province;1213493.91857;1219238.04606;1225009.36364;1230808;1236606.63636
Bình Thuận;Bắc Bình;District;126002.00034;127116.12006;128240.09091;129374;130507.90909
Bình Thuận;Đức Linh;District;125761.92473;125852.88402;125943.90909;126035;126126.09091
Bình Thuận;Hàm Tân;District;70367.51319;70477.17115;70587;70697;70807
Bình Thuận;Hàm Thuận Bắc;District;179671.5837;181145.92463;182632.36364;184131;185629.63636
Bình Thuận;Hàm Thuận Nam;District;111726.84615;113310.02438;114915.63636;116544;118172.36364
Bình Thuận;La Gi;District-level Town;106367.93821;106597.13127;106826.81818;107057;107287.18182
Bình Thuận;Phan Thiết;District-level City;223909.01302;224847.40377;225789.72727;226736;227682.27273
Bình Thuận;Phú Quý;District;26597.46261;26703.88205;26810.72727;26918;27025.27273
Bình Thuận;Tánh Linh;District;99476.37666;99155.21535;98835.09091;98516;98196.90909
Bình Thuận;Tuy Phong;District;143686.86462;144056.95569;144428;144800;145172
Cà Mau;Cà Mau;Province;1197877.95184;1196742.8927;1195608.90909;1194476;1193343.09091
Cà Mau;Cái Nước;District;136844.83155;136775.85293;136706.90909;136638;136569.09091
Cà Mau;Cà Mau;District-level City;223608.05324;224525.59865;225446.90909;226372;227297.09091
Cà Mau;Đầm Dơi;District;177379.96868;176794.38137;176210.72727;175629;175047.27273
Cà Mau;Năm Căn;District;59419.88631;58537.89733;57669;56813;55957
Cà Mau;Ngọc Hiển;District;70055.99343;68978.85232;67918.27273;66874;65829.72727
Cà Mau;Phú Tân;District;99398.71668;98830.2327;98265;97703;97141
Cà Mau;Thới Bình;District;135454.47041;135600.15686;135746;135892;136038
Cà Mau;Trần Văn Thời;District;194578.89397;195606.8227;196640.18182;197679;198717.81818
Cà Mau;U Minh;District;101266.22938;101135.98548;101005.90909;100876;100746.09091
Cần Thơ;Cần Thơ;Municipality;1222468.61208;1226688.16018;1230922.27273;1235171;1239419.72727
Cần Thơ;Bình Thủy;Urban District;134506.04535;137011.72921;139564.09091;142164;144763.90909
Cần Thơ;Cái Răng;Urban District;100265.30108;101946.19723;103655.27273;105393;107130.72727
Cần Thơ;Cờ Đỏ;District;118631.50964;117942.34395;117257.18182;116576;115894.81818
Cần Thơ;Ninh Kiều;Urban District;270603.49118;273860.95743;277157.63636;280494;283830.36364
Cần Thơ;Ô Môn;Urban District;128951.55868;128859.97409;128768.45455;128677;128585.54545
Cần Thơ;Phong Điền;District;98670.75137;98588.43226;98506.18182;98424;98341.81818
Cần Thơ;Thới Lai;District;112789.21472;111744.49624;110709.45455;109684;108658.54545
Cần Thơ;Thốt Nốt;Urban District;156142.67429;155881.34573;155620.45455;155360;155099.54545
Cần Thơ;Vĩnh Thạnh;District;102303.1624;100984.85995;99683.54545;98399;97114.45455
Cao Bằng;Cao Bằng;Province;524050.22029;526138.81176;528235.72727;530341;532446.27273
Cao Bằng;Bảo Lạc;District;53052.16824;53504.24884;53960.18182;54420;54879.81818
Cao Bằng;Bảo Lâm;District;62577.54675;63382.95399;64198.72727;65025;65851.27273
Cao Bằng;Cao Bằng;District-level City;71148.59783;71939.89857;72740;73549;74358
Cao Bằng;Hạ Lang;District;25399.47503;25412.64319;25425.81818;25439;25452.18182
Cao Bằng;Hà Quảng;District;33913.21864;33994.28515;34075.54545;34157;34238.45455
Cao Bằng;Hòa An;District;52859.6966;52827.11098;52794.54545;52762;52729.45455
Cao Bằng;Nguyên Bình;District;39590.21605;39611.46596;39632.72727;39654;39675.27273
Cao Bằng;Phục Hòa;District;22756.40633;22788.22637;22820.09091;22852;22883.90909
Cao Bằng;Quảng Uyên;District;38486.9096;38350.12081;38213.81818;38078;37942.18182
Cao Bằng;Thạch An;District;30023.0957;29955.24391;29887.54545;29820;29752.45455
Cao Bằng;Thông Nông;District;23706.89412;23765.78301;23824.81818;23884;23943.18182
Cao Bằng;Trà Lĩnh;District;21694.76756;21711.83161;21728.90909;21746;21763.09091
Cao Bằng;Trùng Khánh;District;48889.02966;48911.00989;48933;48955;48977
Đắk Lắk;Đắk Lắk;Province;1832557.1471;1844731.0463;1856985.81818;1869322;1881658.18182
Đắk Lắk;Buôn Đôn;District;63087.54861;63473.00585;63860.81818;64251;64641.18182
Đắk Lắk;Buôn Hồ;District-level Town;98174.77885;98360.16893;98545.90909;98732;98918.09091
Đắk Lắk;Buôn Ma Thuột;District-level City;362263.08009;366651.99901;371094.09091;375590;380085.90909
Đắk Lắk;Cư Kuin;District;100785.15857;100938.87116;101092.81818;101247;101401.18182
Đắk Lắk;Cư M'gar;District;173825.19726;175081.6937;176347.27273;177622;178896.72727
Đắk Lắk;Ea H'leo;District;132586.06328;134002.19616;135433.45455;136880;138326.54545
Đắk Lắk;Ea Kar;District;143601.03228;143883.46567;144166.45455;144450;144733.54545
Đắk Lắk;Ea Súp;District;67463.16695;68533.05443;69619.90909;70724;71828.09091
Đắk Lắk;Krông Ana;District;80197.29715;80095.40203;79993.63636;79892;79790.36364
Đắk Lắk;Krông Bông;District;90727.33978;91170.72285;91616.27273;92064;92511.72727
Đắk Lắk;Krông Búk;District;62842.44952;63507.56862;64179.72727;64859;65538.27273
Đắk Lắk;Krông Năng;District;124158.16633;124889.79118;125625.72727;126366;127106.27273
Đắk Lắk;Krông Pắc;District;195536.29347;195226.03696;194916.27273;194607;194297.72727
Đắk Lắk;Lắk;District;67211.38429;68091.02681;68982.18182;69885;70787.81818
Đắk Lắk;M'Đrắk;District;70244.88995;70875.25296;71511.27273;72153;72794.72727
Đắk Nông;Đắk Nông;Province;586654.35445;598261.08711;610097.45455;622168;634238.54545
Đắk Nông;Cư Jút;District;90708.50076;91011.6529;91315.81818;91621;91926.18182
Đắk Nông;Đăk Glong;District;60243.83179;62658.4794;65169.90909;67782;70394.09091
Đắk Nông;Đắk Mil;District;96638.60963;97711.12603;98795.54545;99892;100988.45455
Đắk Nông;Đắk R'Lấp;District;80999.32674;81842.41209;82694.27273;83555;84415.72727
Đắk Nông;Đắk Song;District;74225.66192;76265.2188;78360.81818;80514;82667.18182
Đắk Nông;Gia Nghĩa;District-level Town;57424.26243;59240.1473;61113.45455;63046;64978.54545
Đắk Nông;Krông Nô;District;71338.09862;72359.37537;73395.27273;74446;75496.72727
Đắk Nông;Tuy Đức;District;55338.33298;57261.91604;59252.36364;61312;63371.63636
Đà Nẵng;Đà Nẵng;Municipality;1068303.83459;1089867.6917;1111866.81818;1134310;1156753.18182
Đà Nẵng;Cẩm Lệ;Urban District;140553.77632;146542.09423;152785.54545;159295;165804.45455
Đà Nẵng;Hải Châu;Urban District;198277.47888;199353.13988;200434.63636;201522;202609.36364
Đà Nẵng;Hòa Vang;District;137922.95384;140483.79404;143092.18182;145749;148405.81818
Đà Nẵng;Liên Chiểu;Urban District;177317.97728;182999.02717;188862.09091;194913;200963.90909
Đà Nẵng;Ngũ Hành Sơn;Urban District;83113.05639;85459.18741;87871.54545;90352;92832.45455
Đà Nẵng;Sơn Trà;Urban District;149444.44405;152055.41368;154712;157415;160118
Đà Nẵng;Thanh Khê;Urban District;182213.21921;183158.5664;184108.81818;185064;186019.18182
Điện Biên;Điện Biên;Province;569736.61017;579282.2481;588987.81818;598856;608724.18182
Điện Biên;Điện Biên;District;116083.0643;117275.09363;118479.36364;119696;120912.63636
Điện Biên;Điện Biên Đông;District;64169.23783;65125.1803;66095.36364;67080;68064.63636
Điện Biên;Điện Biên Phủ;District-level City;55702.08439;56625.65822;57564.54545;58519;59473.45455
Điện Biên;Mường Ảng;District;46188.25119;46919.20536;47661.72727;48416;49170.27273
Điện Biên;Mường Chà;District;45489.88591;46313.26401;47151.54545;48005;48858.45455
Điện Biên;Mường Lay;District-level Town;11295.62058;11250.9036;11206.36364;11162;11117.63636
Điện Biên;Mường Nhé;District;41806.18075;43074.26734;44380.81818;45727;47073.18182
Điện Biên;Nậm Pồ;District;50195.37326;51719.50191;53289.90909;54908;56526.09091
Điện Biên;Tủa Chùa;District;54727.84858;55623.81745;56534.45455;57460;58385.54545
Điện Biên;Tuần Giáo;District;84159.0555;85382.49862;86623.72727;87883;89142.27273
Đồng Nai;Đồng Nai;Province;2933453.69346;2987020.67004;3041565.81818;3097107;3152648.18182
Đồng Nai;Biên Hòa;District-level City;986713.55622;1009101.87592;1031998.18182;1055414;1078829.81818
Đồng Nai;Cẩm Mỹ;District;138955.48681;139090.85928;139226.36364;139362;139497.63636
Đồng Nai;Định Quán;District;188408.33727;188040.17256;187672.72727;187306;186939.27273
Đồng Nai;Long Khánh;District-level Town;145874.63693;147715.43123;149579.45455;151467;153354.54545
Đồng Nai;Long Thành;District;231366.05288;236160.97683;241055.27273;246051;251046.72727
Đồng Nai;Nhơn Trạch;District;233666.71986;242317.58632;251288.72727;260592;269895.27273
Đồng Nai;Tân Phú;District;153857.49442;153597.89183;153338.72727;153080;152821.27273
Đồng Nai;Thống Nhất;District;159319.44061;160833.52579;162362;163905;165448
Đồng Nai;Trảng Bom;District;321792.39131;330705.44006;339865.36364;349279;358692.63636
Đồng Nai;Vĩnh Cửu;District;153571.16325;156972.55001;160449.27273;164003;167556.72727
Đồng Nai;Xuân Lộc;District;220941.75126;222827.69016;224729.72727;226648;228566.27273
Đồng Tháp;Đồng Tháp;Province;1617836.23023;1611702.25947;1605591.54545;1599504;1593416.45455
Đồng Tháp;Cao Lãnh;District;198453.82326;198173.48636;197893.54545;197614;197334.45455
Đồng Tháp;Cao Lãnh;District-level City;163870.61416;164191.44755;164512.90909;164835;165157.09091
Đồng Tháp;Châu Thành;District;147939.6019;147562.77558;147186.90909;146812;146437.09091
Đồng Tháp;Hồng Ngự;District;127139.80683;124911.37408;122722;120571;118420
Đồng Tháp;Hồng Ngự;District-level Town;76809.70755;76693.6297;76577.72727;76462;76346.27273
Đồng Tháp;Lai Vung;District;163091.50569;163473.44199;163856.27273;164240;164623.72727
Đồng Tháp;Lấp Vò;District;180462.59536;180517.38027;180572.18182;180627;180681.81818
Đồng Tháp;Sa Đéc;District-level City;105486.41347;105723.07761;105960.27273;106198;106435.72727
Đồng Tháp;Tam Nông;District;101446.05374;100960.0445;100476.36364;99995;99513.63636
Đồng Tháp;Tân Hồng;District;79773.46045;78307.53393;76868.54545;75456;74043.45455
Đồng Tháp;Thanh Bình;District;140232.31337;138432.88448;136656.54545;134903;133149.45455
Đồng Tháp;Tháp Mười;District;133348.91696;132827.57572;132308.27273;131791;131273.72727
Gia Lai;Gia Lai;Province;1449480.96662;1470626.33739;1492080.18182;1513847;1535613.81818
Gia Lai;An Khê;District-level Town;65226.88404;65456.44714;65686.81818;65918;66149.18182
Gia Lai;Ayun Pa;District-level Town;38575.56525;39023.81465;39477.27273;39936;40394.72727
Gia Lai;Chư Păh;District;74607.93787;75494.38464;76391.36364;77299;78206.63636
Gia Lai;Chư Prông;District;116680.23723;118928.23601;121219.54545;123555;125890.45455
Gia Lai;Chư Pưh;District;73201.16973;74610.47312;76046.90909;77511;78975.09091
Gia Lai;Chư Sê;District;117191.83867;118761.76741;120352.72727;121965;123577.27273
Gia Lai;Đăk Đoa;District;116580.59476;118772.91123;121006.45455;123282;125557.54545
Gia Lai;Đăk Pơ;District;39784.23499;40002.29264;40221.54545;40442;40662.45455
Gia Lai;Đức Cơ;District;72046.18715;73249.90166;74473.72727;75718;76962.27273
Gia Lai;Ia Grai;District;101081.61318;102586.55802;104113.90909;105664;107214.09091
Gia Lai;Ia Pa;District;54557.52128;55228.72278;55908.18182;56596;57283.81818
Gia Lai;KBang;District;64418.24215;64756.05351;65095.63636;65437;65778.36364
Gia Lai;Kông Chro;District;49786.09483;50644.51062;51517.72727;52406;53294.27273
Gia Lai;Krông Pa;District;82648.74575;83885.88644;85141.54545;86416;87690.45455
Gia Lai;Mang Yang;District;64233.66097;65552.83003;66899.09091;68273;69646.90909
Gia Lai;Phú Thiện;District;76533.31798;77224.943;77922.81818;78627;79331.18182
Gia Lai;Pleiku;District-level City;242416.99156;246476.95254;250604.90909;254802;258999.09091
Hà Giang;Hà Giang;Province;819674.78399;831180.59278;842847.90909;854679;866510.09091
Hà Giang;Bắc Mê;District;52637.70434;53281.23654;53932.63636;54592;55251.36364
Hà Giang;Bắc Quang;District;114974.54883;116199.92631;117438.36364;118690;119941.63636
Hà Giang;Đồng Văn;District;77298.30884;78796.32078;80323.36364;81880;83436.63636
Hà Giang;Hà Giang;District-level City;52804.10398;53706.8802;54625.09091;55559;56492.90909
Hà Giang;Hoàng Su Phì;District;64723.60197;65370.25248;66023.36364;66683;67342.63636
Hà Giang;Mèo Vạc;District;81804.67972;83202.75663;84624.72727;86071;87517.27273
Hà Giang;Quản Bạ;District;51066.7513;51857.52576;52660.54545;53476;54291.45455
Hà Giang;Quang Bình;District;60325.6792;60783.96249;61245.72727;61711;62176.27273
Hà Giang;Vị Xuyên;District;106493.56759;107801.25492;109125;110465;111805
Hà Giang;Xín Mần;District;65360.07482;66228.13659;67107.72727;67999;68890.27273
Hà Giang;Yên Minh;District;92218.39668;93963.37079;95741.36364;97553;99364.63636
Hải Dương;Hải Dương;Province;1841658.58158;1858371.59205;1875236.27273;1892254;1909271.72727
Hải Dương;Bình Giang;District;115328.15045;116614.04283;117914.27273;119229;120543.72727
Hải Dương;Cẩm Giàng;District;142256.31841;144083.96427;145935.09091;147810;149684.90909
Hải Dương;Chí Linh;District-level Town;167965.17944;169259.78242;170564.36364;171879;173193.63636
Hải Dương;Gia Lộc;District;146765.21696;148260.85137;149771.72727;151298;152824.27273
Hải Dương;Hải Dương;District-level City;233742.93161;236259.1047;238802.36364;241373;243943.63636
Hải Dương;Kim Thành;District;132456.27967;133676.24893;134907.45455;136150;137392.54545
Hải Dương;Kinh Môn;District;168339.03444;169728.19453;171128.81818;172541;173953.18182
Hải Dương;Nam Sách;District;122483.43069;123750.79485;125031.27273;126325;127618.72727
Hải Dương;Ninh Giang;District;145144.43218;145592.56973;146042.09091;146493;146943.90909
Hải Dương;Thanh Hà;District;161472.39209;162448.02136;163429.54545;164417;165404.45455
Hải Dương;Thanh Miện;District;133527.42507;134850.79108;136187.27273;137537;138886.72727
Hải Dương;Tứ Kỳ;District;172209.63175;173857.92759;175522;177202;178882
Hải Phòng;Hải Phòng;Municipality;1976776.29219;1993873.88738;2011119.36364;2028514;2045908.63636
Hải Phòng;An Dương;District;186334.86107;189411.17258;192538.27273;195717;198895.72727
Hải Phòng;An Lão;District;142820.73709;144106.2198;145403.27273;146712;148020.72727
Hải Phòng;Bạch Long Vĩ;District;702.93036;675.56903;649.27273;624;598.72727
Hải Phòng;Cát Hải;District;31436.12847;31652.5917;31870.54545;32090;32309.45455
Hải Phòng;Đồ Sơn;Urban District;47807.91617;48211.5271;48618.54545;49029;49439.45455
Hải Phòng;Dương Kinh;Urban District;57205.34849;58224.95141;59262.72727;60319;61375.27273
Hải Phòng;Hải An;Urban District;125012.6753;127602.11058;130245.18182;132943;135640.81818
Hải Phòng;Hồng Bàng;Urban District;97622.67507;97116.15987;96612.27273;96111;95609.72727
Hải Phòng;Kiến An;Urban District;112505.85323;114323.38192;116170.27273;118047;119923.72727
Hải Phòng;Kiến Thụy;District;136608.41686;137866.32602;139135.81818;140417;141698.18182
Hải Phòng;Lê Chân;Urban District;217007.04749;217921.50609;218839.81818;219762;220684.18182
Hải Phòng;Ngô Quyền;Urban District;165118.98194;165182.29701;165245.63636;165309;165372.36364
Hải Phòng;Thủy Nguyên;District;325502.78914;328248.63121;331017.63636;333810;336602.36364
Hải Phòng;Tiên Lãng;District;151136.02821;152344.00482;153561.63636;154789;156016.36364
Hải Phòng;Vĩnh Bảo;District;180188.23906;181066.20785;181948.45455;182835;183721.54545
Hà Nam;Hà Nam;Province;834185.73557;840344.90257;846549.54545;852800;859050.45455
Hà Nam;Bình Lục;District;132983.28258;133004.1851;133025.09091;133046;133066.90909
Hà Nam;Duy Tiên;District;130861.10469;132924.69079;135020.81818;137150;139279.18182
Hà Nam;Kim Bảng;District;124456.51605;124847.77937;125240.27273;125634;126027.72727
Hà Nam;Lý Nhân;District;179015.82807;179406.03422;179797.09091;180189;180580.90909
Hà Nam;Phủ Lý;District-level City;150122.73893;152772.12743;155468.27273;158212;160955.72727
Hà Nam;Thanh Liêm;District;116864.23616;117429.7498;117998;118569;119140
Hà Nội;Hà Nội;Municipality;7624671.70631;7765067.76934;7908049;8053663;8199277
Hà Nội;Bắc Từ Liêm;Urban District;305447.84148;315031.39493;324915.63636;335110;345304.36364
Hà Nội;Ba Đình;Urban District;222990.34944;222623.96464;222258.18182;221893;221527.81818
Hà Nội;Ba Vì;District;278622.4223;282552.58325;286538.18182;290580;294621.81818
Hà Nội;Cầu Giấy;Urban District;274669.06996;280500.0508;286454.81818;292536;298617.18182
Hà Nội;Chương Mỹ;District;323615.96055;328122.9146;332692.63636;337326;341959.36364
Hà Nội;Đan Phượng;District;165912.87254;168727.56087;171590;174501;177412
Hà Nội;Đông Anh;District;386318.94513;392689.98354;399166.09091;405749;412331.90909
Hà Nội;Đống Đa;Urban District;371200.057;371335.32204;371470.63636;371606;371741.36364
Hà Nội;Gia Lâm;District;271002.87516;275945.2336;280977.72727;286102;291226.27273
Hà Nội;Hà Đông;Urban District;354600.50424;368468.87537;382879.63636;397854;412828.36364
Hà Nội;Hai Bà Trưng;Urban District;301447.40512;302158.5909;302871.45455;303586;304300.54545
Hà Nội;Hoài Đức;District;243859.51995;250072.69957;256444.18182;262978;269511.81818
Hà Nội;Hoàng Mai;Urban District;461169.28741;475761.90552;490816.27273;506347;521877.72727
Hà Nội;Hoàn Kiếm;Urban District;138838.43285;137756.54663;136683.09091;135618;134552.90909
Hà Nội;Long Biên;Urban District;297163.18257;305394.98463;313854.81818;322549;331243.18182
Hà Nội;Mê Linh;District;227420.22468;231716.79821;236094.54545;240555;245015.45455
Hà Nội;Mỹ Đức;District;191856.30382;194501.23853;197182.63636;199901;202619.36364
Hà Nội;Nam Từ Liêm;Urban District;239261.24744;247315.33677;255640.54545;264246;272851.45455
Hà Nội;Phúc Thọ;District;177412.08029;179589.22696;181793.09091;184024;186254.90909
Hà Nội;Phú Xuyên;District;205216.72068;208098.49025;211020.72727;213984;216947.27273
Hà Nội;Quốc Oai;District;185227.28689;188239.60362;191300.90909;194412;197523.09091
Hà Nội;Sóc Sơn;District;327090.27648;332449.23832;337896;343432;348968
Hà Nội;Sơn Tây;District-level Town;140440.70928;142223.0897;144028.09091;145856;147683.90909
Hà Nội;Tây Hồ;Urban District;152489.37948;155112.53675;157780.81818;160495;163209.18182
Hà Nội;Thạch Thất;District;206088.45133;209519.52805;213007.72727;216554;220100.27273
Hà Nội;Thanh Oai;District;199313.03487;203144.24106;207049.09091;211029;215008.90909
Hà Nội;Thanh Trì;District;255263.48711;261915.78956;268741.45455;275745;282748.54545
Hà Nội;Thanh Xuân;Urban District;274888.37056;280964.93148;287175.81818;293524;299872.18182
Hà Nội;Thường Tín;District;245154.56961;248296.60434;251478.90909;254702;257925.09091
Hà Nội;Ứng Hòa;District;203095.34879;205654.19105;208245.27273;210869;213492.72727
Hà Tĩnh;Hà Tĩnh;Province;1272077.24703;1277649.05737;1283245.27273;1288866;1294486.72727
Hà Tĩnh;Cẩm Xuyên;District;147115.59584;147844.447;148576.90909;149313;150049.09091
Hà Tĩnh;Can Lộc;District;128666.75381;128810.34224;128954.09091;129098;129241.90909
Hà Tĩnh;Đức Thọ;District;102375.25199;102103.447;101832.36364;101562;101291.63636
Hà Tĩnh;Hà Tĩnh;District-level City;99978.22863;101313.24647;102666.09091;104037;105407.90909
Hà Tĩnh;Hồng Lĩnh;District-level Town;37605.33582;37871.9952;38140.54545;38411;38681.45455
Hà Tĩnh;Hương Khê;District;99554.02272;99471.61361;99389.27273;99307;99224.72727
Hà Tĩnh;Hương Sơn;District;113723.96322;113289.6523;112857;112426;111995
Hà Tĩnh;Kỳ Anh;District;118542.32427;119573.22499;120613.09091;121662;122710.90909
Hà Tĩnh;Kỳ Anh;District-level Town;77338.21808;79166.89835;81038.81818;82955;84871.18182
Hà Tĩnh;Lộc Hà;District;79075.49881;79109.65112;79143.81818;79178;79212.18182
Hà Tĩnh;Nghi Xuân;District;100983.63527;101374.24401;101766.36364;102160;102553.63636
Hà Tĩnh;Thạch Hà;District;138086.74837;138791.89195;139500.63636;140213;140925.36364
Hà Tĩnh;Vũ Quang;District;29216.02419;28990.2763;28766.27273;28544;28321.72727
Hậu Giang;Hậu Giang;Province;739659.60104;737438.73913;735224.54545;733017;730809.45455
Hậu Giang;Châu Thành;District;86380.31154;86942.86938;87509.09091;88079;88648.90909
Hậu Giang;Châu Thành A;District;98541.42702;98228.62614;97916.81818;97606;97295.18182
Hậu Giang;Long Mỹ;District;79239.51776;78603.24982;77972.09091;77346;76719.90909
Hậu Giang;Long Mỹ;District-level Town;64712.59475;63911.52097;63120.36364;62339;61557.63636
Hậu Giang;Ngã Bảy;District-level Town;56637.3154;56485.13507;56333.36364;56182;56030.63636
Hậu Giang;Phụng Hiệp;District;188716.31979;188482.92466;188249.81818;188017;187784.18182
Hậu Giang;Vị Thanh;District-level City;72798.25204;72972.41768;73147;73322;73497
Hậu Giang;Vị Thủy;District;92700.12527;91834.01655;90976;90126;89276
Hòa Bình;Hòa Bình;Province;835473.79188;841647.13389;847866.09091;854131;860395.90909
Hòa Bình;Cao Phong;District;44248.11142;44651.715;45059;45470;45881
Hòa Bình;Đà Bắc;District;53886.80494;54256.00136;54627.72727;55002;55376.27273
Hòa Bình;Hòa Bình;District-level City;98204.7689;99347.82307;100504.18182;101674;102843.81818
Hòa Bình;Kim Bôi;District;115126.56924;116327.47573;117540.90909;118767;119993.09091
Hòa Bình;Kỳ Sơn;District;33212.23108;33487.20452;33764.45455;34044;34323.54545
Hòa Bình;Lạc Sơn;District;135478.55676;135868.5806;136259.72727;136652;137044.27273
Hòa Bình;Lạc Thủy;District;59206.31309;59599.26165;59994.81818;60393;60791.18182
Hòa Bình;Lương Sơn;District;96780.82334;97664.78388;98556.81818;99457;100357.18182
Hòa Bình;Mai Châu;District;54671.49266;54992.44063;55315.27273;55640;55964.72727
Hòa Bình;Tân Lạc;District;84665.33467;85400.16031;86141.36364;86889;87636.63636
Hòa Bình;Yên Thủy;District;60019.53912;60060.66456;60101.81818;60143;60184.18182
Hưng Yên;Hưng Yên;Province;1218994.46008;1230137.79709;1241383;1252731;1264079
Hưng Yên;Ân Thi;District;132606.96915;133202.96343;133801.63636;134403;135004.36364
Hưng Yên;Hưng Yên;District-level City;113432.64803;114398.84544;115373.27273;116356;117338.72727
Hưng Yên;Khoái Châu;District;186392.44926;187011.24294;187632.09091;188255;188877.90909
Hưng Yên;Kim Động;District;116068.73183;116621.18751;117176.27273;117734;118291.72727
Hưng Yên;Mỹ Hào;District;107549.23226;109256.25107;110990.36364;112752;114513.63636
Hưng Yên;Phù Cừ;District;79255.67934;79487.77256;79720.54545;79954;80187.45455
Hưng Yên;Tiên Lữ;District;90914.52176;91643.15922;92377.63636;93118;93858.36364
Hưng Yên;Văn Giang;District;114986.96809;116892.55775;118829.72727;120799;122768.27273
Hưng Yên;Văn Lâm;District;127630.48232;129404.54776;131203.27273;133027;134850.72727
Hưng Yên;Yên Mỹ;District;150249.21515;152250.37187;154278.18182;156333;158387.81818
Khánh Hòa;Khánh Hòa;Province;1211169.33576;1217779.08663;1224424.90909;1231107;1237789.09091
Khánh Hòa;Cam Lâm;District;106776.99977;107506.01125;108240;108979;109718
Khánh Hòa;Cam Ranh;District-level City;128169.11917;129044.75032;129926.36364;130814;131701.63636
Khánh Hòa;Diên Khánh;District;140099.62651;141129.16676;142166.27273;143211;144255.72727
Khánh Hòa;Khánh Sơn;District;24162.81683;24551.91197;24947.27273;25349;25750.72727
Khánh Hòa;Khánh Vĩnh;District;38148.46418;38684.73551;39228.54545;39780;40331.45455
Khánh Hòa;Nha Trang;District-level City;414385.18761;417105.88951;419844.45455;422601;425357.54545
Khánh Hòa;Ninh Hòa;District-level Town;230142.01253;230111.00418;230080;230049;230018
Khánh Hòa;Trường Sa;District;123.68403;112.47001;102.27273;93;83.72727
Khánh Hòa;Vạn Ninh;District;129209.86241;129549.34886;129889.72727;130231;130572.27273
Kiên Giang;Kiên Giang;Province;1713588.34322;1716742.08766;1719901.63636;1723067;1726232.36364
Kiên Giang;An Biên;District;117096.29711;116466.82025;115840.72727;115218;114595.27273
Kiên Giang;An Minh;District;115540.6382;115600.39456;115660.18182;115720;115779.81818
Kiên Giang;Châu Thành;District;156546.59003;157560.15023;158580.27273;159607;160633.72727
Kiên Giang;Giang Thành;District;28639.54743;28830.09438;29021.90909;29215;29408.09091
Kiên Giang;Giồng Riềng;District;221085.25811;222268.82462;223458.72727;224655;225851.27273
Kiên Giang;Gò Quao;District;133612.60067;133243.3811;132875.18182;132508;132140.81818
Kiên Giang;Hà Tiên;District-level City;47472.99197;47811.24547;48151.90909;48495;48838.09091
Kiên Giang;Hòn Đất;District;159183.70485;158207.49544;157237.27273;156273;155308.72727
Kiên Giang;Kiên Hải;District;18480.59712;18178.14173;17880.63636;17588;17295.36364
Kiên Giang;Kiên Lương;District;79009.04011;79167.04388;79325.36364;79484;79642.63636
Kiên Giang;Phú Quốc;District;131589.92663;136236.60386;141047.36364;146028;151008.63636
Kiên Giang;Rạch Giá;District-level City;227196.88705;227306.87145;227416.90909;227527;227637.09091
Kiên Giang;Tân Hiệp;District;130137.61899;128559.00769;126999.54545;125459;123918.45455
Kiên Giang;U Minh Thượng;District;64608.50101;64208.19218;63810.36364;63415;63019.63636
Kiên Giang;Vĩnh Thuận;District;84054.88313;83321.88186;82595.27273;81875;81154.72727
Kon Tum;Kon Tum;Province;510909.55371;520568.60808;530410.27273;540438;550465.72727
Kon Tum;Đắk Glei;District;46111.05381;46977.96856;47861.18182;48761;49660.81818
Kon Tum;Đắk Hà;District;71278.28537;72434.98454;73610.45455;74805;75999.54545
Kon Tum;Đắk Tô;District;44841.25941;45724.6553;46625.45455;47544;48462.54545
Kon Tum;Ia H'Drai;District;8557.75627;9076.43265;9626.54545;10210;10793.45455
Kon Tum;Kon Plông;District;24649.51563;25099.73709;25558.18182;26025;26491.81818
Kon Tum;Kon Rẫy;District;26993.79197;27516.02612;28048.36364;28591;29133.63636
Kon Tum;Kon Tum;District-level City;161493.70751;163719.64953;165976.27273;168264;170551.72727
Kon Tum;Ngọc Hồi;District;54375.21921;55847.58444;57359.81818;58913;60466.18182
Kon Tum;Sa Thầy;District;46587.66308;47671.05269;48779.63636;49914;51048.36364
Kon Tum;Tu Mơ Rông;District;26092.80488;26525.00479;26964.36364;27411;27857.63636
Lai Châu;Lai Châu;Province;436164.87094;444032.47695;452042;460196;468350
Lai Châu;Lai Châu;District-level City;37795.60122;39076.81237;40401.45455;41771;43140.54545
Lai Châu;Mường Tè;District;43842.85959;44596.54259;45363.18182;46143;46922.81818
Lai Châu;Nậm Nhùn;District;24857.83722;25634.38017;26435.18182;27261;28086.81818
Lai Châu;Phong Thổ;District;76079.65624;77250.00804;78438.36364;79645;80851.63636
Lai Châu;Sìn Hồ;District;80463.2574;81509.5084;82569.36364;83643;84716.63636
Lai Châu;Tam Đường;District;53577.50803;54398.68819;55232.45455;56079;56925.54545
Lai Châu;Tân Uyên;District;54763.24476;55854.92316;56968.36364;58104;59239.63636
Lai Châu;Than Uyên;District;64838.03382;65729.70385;66633.63636;67550;68466.36364
Lâm Đồng;Lâm Đồng;Province;1267316.11686;1277103.62749;1286966.72727;1296906;1306845.27273
Lâm Đồng;Bảo Lâm;District;115691.69427;116485.66813;117285.09091;118090;118894.90909
Lâm Đồng;Bảo Lộc;District-level City;155940.77941;156849.87616;157764.27273;158684;159603.72727
Lâm Đồng;Cát Tiên;District;35784.17258;35616.32902;35449.27273;35283;35116.72727
Lâm Đồng;Đạ Huoai;District;33848.76435;33898.43664;33948.18182;33998;34047.81818
Lâm Đồng;Đà Lạt;District-level City;220820.82566;222723.44351;224642.45455;226578;228513.54545
Lâm Đồng;Đam Rông;District;50018.47647;51380.55612;52779.72727;54217;55654.27273
Lâm Đồng;Đạ Tẻh;District;43522.8164;43486.84788;43450.90909;43415;43379.09091
Lâm Đồng;Di Linh;District;158533.37657;159018.7634;159505.63636;159994;160482.36364
Lâm Đồng;Đơn Dương;District;103620.08656;104826.29546;106046.54545;107281;108515.45455
Lâm Đồng;Đức Trọng;District;181416.98047;183250.72261;185103;186974;188845
Lâm Đồng;Lạc Dương;District;25660.58412;26403.97844;27168.90909;27956;28743.09091
Lâm Đồng;Lâm Hà;District;142603.9826;143212.05849;143822.72727;144436;145049.27273
Lạng Sơn;Lạng Sơn;Province;768329.62926;772745.98566;777187.72727;781655;786122.27273
Lạng Sơn;Bắc Sơn;District;70307.82552;70856.58935;71409.63636;71967;72524.36364
Lạng Sơn;Bình Gia;District;52524.98866;52579.6023;52634.27273;52689;52743.72727
Lạng Sơn;Cao Lộc;District;78151.7866;78721.36319;79295.09091;79873;80450.90909
Lạng Sơn;Chi Lăng;District;74742.72931;74849.33408;74956.09091;75063;75169.90909
Lạng Sơn;Đình Lập;District;27996.63742;28189.42764;28383.54545;28579;28774.45455
Lạng Sơn;Hữu Lũng;District;119220.51402;120052.85153;120891;121735;122579
Lạng Sơn;Lạng Sơn;District-level City;98979.93753;100394.31787;101828.90909;103284;104739.09091
Lạng Sơn;Lộc Bình;District;83002.19833;83577.46926;84156.72727;84740;85323.27273
Lạng Sơn;Tràng Định;District;59449.79554;59575.26537;59701;59827;59953
Lạng Sơn;Văn Lãng;District;49833.03485;49787.31464;49741.63636;49696;49650.36364
Lạng Sơn;Văn Quan;District;54165.46276;54177.6391;54189.81818;54202;54214.18182
Lào Cai;Lào Cai;Province;699284.54905;709512.70029;719890.45455;730420;740949.54545
Lào Cai;Bắc Hà;District;62185.29485;63218.92075;64269.72727;65338;66406.27273
Lào Cai;Bảo Thắng;District;109409.09409;110559.58892;111722.18182;112897;114071.81818
Lào Cai;Bảo Yên;District;83092.99408;83908.63028;84732.27273;85564;86395.72727
Lào Cai;Bát Xát;District;79312.70117;80436.79384;81576.81818;82733;83889.18182
Lào Cai;Lào Cai;District-level City;119978.47666;122548.21851;125173;127854;130535
Lào Cai;Mường Khương;District;60588.13714;61602.35257;62633.54545;63682;64730.45455
Lào Cai;Sa Pa;District;62437.81888;63505.19512;64590.81818;65695;66799.18182
Lào Cai;Si Ma Cai;District;35833.11729;36377.11119;36929.36364;37490;38050.63636
Lào Cai;Văn Bàn;District;86481.60042;87367.62508;88262.72727;89167;90071.27273
Long An;Long An;Province;1620620.31356;1642953.36672;1665594.18182;1688547;1711499.81818
Long An;Bến Lức;District;172797.52338;175702.56936;178656.45455;181660;184663.54545
Long An;Cần Đước;District;182324.14934;183987.21712;185665.45455;187359;189052.54545
Long An;Cần Giuộc;District;202643.58951;206653.84123;210743.45455;214914;219084.54545
Long An;Châu Thành;District;106466.64912;107570.28621;108685.36364;109812;110938.63636
Long An;Đức Hòa;District;289217.34032;297791.83777;306620.54545;315711;324801.45455
Long An;Đức Huệ;District;64089.79674;64707.55744;65331.27273;65961;66590.72727
Long An;Kiến Tường;District-level Town;42963.88385;43199.29697;43436;43674;43912
Long An;Mộc Hóa;District;28149.45741;28154.63732;28159.81818;28165;28170.18182
Long An;Tân An;District-level City;141724.11112;142847.15145;143979.09091;145120;146260.90909
Long An;Tân Hưng;District;47675.82249;47667.54689;47659.27273;47651;47642.72727
Long An;Tân Thạnh;District;76996.62386;77176.32949;77356.45455;77537;77717.54545
Long An;Tân Trụ;District;64818.94693;65375.17778;65936.18182;66502;67067.81818
Long An;Thạnh Hóa;District;55401.16377;55624.54065;55848.81818;56074;56299.18182
Long An;Thủ Thừa;District;95872.53905;96685.77494;97505.90909;98333;99160.09091
Long An;Vĩnh Hưng;District;49882.51732;49946.26338;50010.09091;50074;50137.90909
Nam Định;Nam Định;Province;1793438.73489;1789079.56971;1784731;1780393;1776055
Nam Định;Giao Thủy;District;173579.01443;171614.52699;169672.27273;167752;165831.72727
Nam Định;Hải Hậu;District;261257.98011;261804.50932;262352.18182;262901;263449.81818
Nam Định;Mỹ Lộc;District;71598.51625;71902.38603;72207.54545;72514;72820.45455
Nam Định;Nam Định;District-level City;238178.62472;237548.75223;236920.54545;236294;235667.45455
Nam Định;Nam Trực;District;185726.33427;184894.16646;184065.72727;183241;182416.27273
Nam Định;Nghĩa Hưng;District;176538.16116;176287.08385;176036.36364;175786;175535.63636
Nam Định;Trực Ninh;District;173668.0123;173296.88232;172926.54545;172557;172187.45455
Nam Định;Vụ Bản;District;130536.90594;130645.18079;130753.54545;130862;130970.45455
Nam Định;Xuân Trường;District;153958.26431;152450.7975;150958.09091;149480;148001.90909
Nam Định;Ý Yên;District;228502.9143;228670.48662;228838.18182;229006;229173.81818
Nghệ An;Nghệ An;Province;3215687.54896;3252629.35356;3289995.54545;3327791;3365586.45455
Nghệ An;Anh Sơn;District;112196.93678;113750.35091;115325.27273;116922;118518.72727
Nghệ An;Con Cuông;District;72226.85268;73194.22086;74174.54545;75168;76161.45455
Nghệ An;Cửa Lò;District-level Town;54264.24023;54728.18229;55196.09091;55668;56139.90909
Nghệ An;Diễn Châu;District;300112.01153;304187.73926;308318.81818;312506;316693.18182
Nghệ An;Đô Lương;District;205476.12959;208130.64542;210819.45455;213543;216266.54545
Nghệ An;Hoàng Mai;District-level Town;108250.65354;109927.65504;111630.63636;113360;115089.36364
Nghệ An;Hưng Nguyên;District;120520.84198;121749.65657;122991;124245;125499
Nghệ An;Kỳ Sơn;District;77387.99764;78342.83555;79309.45455;80288;81266.54545
Nghệ An;Nam Đàn;District;160628.38698;161952.64384;163287.81818;164634;165980.18182
Nghệ An;Nghĩa Đàn;District;135606.38431;137223.23502;138859.36364;140515;142170.63636
Nghệ An;Nghi Lộc;District;208901.02581;211892.63736;214927.09091;218005;221082.90909
Nghệ An;Quế Phong;District;69297.30919;70167.23967;71048.09091;71940;72831.90909
Nghệ An;Quỳ Châu;District;56412.82191;56875.7389;57342.45455;57813;58283.54545
Nghệ An;Quỳ Hợp;District;129411.02005;130973.08255;132554;134154;135754
Nghệ An;Quỳnh Lưu;District;269613.19708;271810.50828;274025.72727;276259;278492.27273
Nghệ An;Tân Kỳ;District;142413.99342;144010.3677;145624.63636;147257;148889.36364
Nghệ An;Thái Hòa;District-level Town;64459.84638;65010.841;65566.54545;66127;66687.45455
Nghệ An;Thanh Chương;District;232824.07875;235455.53224;238116.72727;240808;243499.27273
Nghệ An;Tương Dương;District;76359.81011;76846.76149;77336.81818;77830;78323.18182
Nghệ An;Vinh;District-level City;329550.78607;332708.17681;335895.81818;339114;342332.18182
Nghệ An;Yên Thành;District;289823.17102;293708.13818;297645.18182;301635;305624.81818
Ninh Bình;Ninh Bình;Province;959892.98901;967365.9958;974897.18182;982487;990076.81818
Ninh Bình;Gia Viễn;District;119556.62295;120033.17987;120511.63636;120992;121472.36364
Ninh Bình;Hoa Lư;District;70308.5442;70815.03865;71325.18182;71839;72352.81818
Ninh Bình;Kim Sơn;District;178021.24521;179646.61175;181286.81818;182942;184597.18182
Ninh Bình;Nho Quan;District;147997.43165;148605.78367;149216.63636;149830;150443.36364
Ninh Bình;Ninh Bình;District-level City;123649.38345;125239.06388;126849.18182;128480;130110.81818
Ninh Bình;Tam Điệp;District-level City;60750.63478;61447.72704;62152.81818;62866;63579.18182
Ninh Bình;Yên Khánh;District;143377.8634;144597.83239;145828.18182;147069;148309.81818
Ninh Bình;Yên Mô;District;116256.10491;116989.10529;117726.72727;118469;119211.27273
Ninh Thuận;Ninh Thuận;Province;583546.75783;585844.4463;588151.18182;590467;592782.81818
Ninh Thuận;Bác Ái;District;28913.35382;29464.33615;30025.81818;30598;31170.18182
Ninh Thuận;Ninh Hải;District;91466.4858;91720.61713;91975.45455;92231;92486.54545
Ninh Thuận;Ninh Phước;District;127387.61614;127600.72073;127814.18182;128028;128241.81818
Ninh Thuận;Ninh Sơn;District;71763.70806;71805.11481;71846.54545;71888;71929.45455
Ninh Thuận;Phan Rang - Tháp Chàm;District-level City;165854.01948;166365.76569;166879.09091;167394;167908.90909
Ninh Thuận;Thuận Bắc;District;41825.12439;42318.24613;42817.18182;43322;43826.81818
Ninh Thuận;Thuận Nam;District;56369.11392;56580.61472;56792.90909;57006;57219.09091
Phú Thọ;Phú Thọ;Province;1423909.76539;1437060.02294;1450331.72727;1463726;1477120.27273
Phú Thọ;Cẩm Khê;District;135730.28928;136950.52324;138181.72727;139424;140666.27273
Phú Thọ;Đoan Hùng;District;112053.02602;113069.76385;114095.72727;115131;116166.27273
Phú Thọ;Hạ Hòa;District;104962.91278;104974.27396;104985.63636;104997;105008.36364
Phú Thọ;Lâm Thao;District;105786.86796;106515.87662;107249.90909;107989;108728.09091
Phú Thọ;Phù Ninh;District;106460.89459;107956.48749;109473.09091;111011;112548.90909
Phú Thọ;Phú Thọ;District-level Town;70038.15583;70242.50707;70447.45455;70653;70858.54545
Phú Thọ;Tam Nông;District;84575.8741;85679.7783;86798.09091;87931;89063.90909
Phú Thọ;Tân Sơn;District;83113.73156;83977.1537;84849.54545;85731;86612.45455
Phú Thọ;Thanh Ba;District;113448.72818;114118.52323;114792.27273;115470;116147.72727
Phú Thọ;Thanh Sơn;District;128958.12226;130334.66879;131725.90909;133132;134538.09091
Phú Thọ;Thanh Thủy;District;82182.01629;82987.42515;83800.72727;84622;85443.27273
Phú Thọ;Việt Trì;District-level City;206674.17933;209340.57135;212041.36364;214777;217512.63636
Phú Thọ;Yên Lập;District;89984.96883;90932.6307;91890.27273;92858;93825.72727
Phú Yên;Phú Yên;Province;870040.08873;871013.63604;871988.27273;872964;873939.72727
Phú Yên;Đông Hòa;District;114865.18364;114924.75819;114984.36364;115044;115103.63636
Phú Yên;Đồng Xuân;District;55847.83653;55573.88271;55301.27273;55030;54758.72727
Phú Yên;Phú Hòa;District;102399.98277;102291.20634;102182.54545;102074;101965.45455
Phú Yên;Sông Cầu;District-level Town;99018.03038;99155.8284;99293.81818;99432;99570.18182
Phú Yên;Sông Hinh;District;50073.00818;50647.39156;51228.36364;51816;52403.63636
Phú Yên;Sơn Hòa;District;58028.34378;58513.82289;59003.36364;59497;59990.63636
Phú Yên;Tây Hòa;District;112291.47245;111853.60981;111417.45455;110983;110548.54545
Phú Yên;Tuy An;District;122673.47882;122837.76577;123002.27273;123167;123331.72727
Phú Yên;Tuy Hòa;District-level City;154884.75866;155229.40497;155574.81818;155921;156267.18182
Quảng Bình;Quảng Bình;Province;881717.77776;886265.02684;890835.72727;895430;900024.27273
Quảng Bình;Ba Đồn;District-level Town;105180.15555;105589.50846;106000.45455;106413;106825.54545
Quảng Bình;Bố Trạch;District;185684.90787;186577.30949;187474;188375;189276
Quảng Bình;Đồng Hới;District-level City;127620.8587;129606.84048;131623.72727;133672;135720.27273
Quảng Bình;Lệ Thủy;District;138498.34689;138275.53968;138053.09091;137831;137608.90909
Quảng Bình;Minh Hóa;District;49638.53382;49980.00151;50323.81818;50670;51016.18182
Quảng Bình;Quảng Ninh;District;89319.64626;89656.82308;89995.27273;90335;90674.72727
Quảng Bình;Quảng Trạch;District;108129.38126;108874.44191;109624.63636;110380;111135.36364
Quảng Bình;Tuyên Hóa;District;77714.18861;77727.45681;77740.72727;77754;77767.27273
Quảng Nam;Quảng Nam;Province;1475857.84759;1482479.47848;1489130.81818;1495812;1502493.18182
Quảng Nam;Bắc Trà My;District;40490.7234;40770.21527;41051.63636;41335;41618.36364
Quảng Nam;Đại Lộc;District;142967.73597;142594.5172;142222.27273;141851;141479.72727
Quảng Nam;Điện Bàn;District-level Town;218817.45918;221369.75365;223951.81818;226564;229176.18182
Quảng Nam;Đông Giang;District;24658.44338;24810.02849;24962.54545;25116;25269.45455
Quảng Nam;Duy Xuyên;District;125127.52566;125644.87514;126164.36364;126686;127207.63636
Quảng Nam;Hiệp Đức;District;37365.87412;37286.07913;37206.45455;37127;37047.54545
Quảng Nam;Hội An;District-level City;96196.15134;96990.52305;97791.45455;98599;99406.54545
Quảng Nam;Nam Giang;District;25125.25207;25453.52694;25786.09091;26123;26459.90909
Quảng Nam;Nam Trà My;District;29739.60352;30252.82788;30774.90909;31306;31837.09091
Quảng Nam;Nông Sơn;District;28006.36633;27556.38642;27113.63636;26678;26242.36364
Quảng Nam;Núi Thành;District;144945.83498;145865.04823;146790.09091;147721;148651.90909
Quảng Nam;Phú Ninh;District;77173.18592;77183.45591;77193.72727;77204;77214.27273
Quảng Nam;Phước Sơn;District;25327.18819;25659.41512;25996;26337;26678
Quảng Nam;Quế Sơn;District;81202.05184;81074.83536;80947.81818;80821;80694.18182
Quảng Nam;Tam Kỳ;District-level City;118475.24363;119760.82864;121060.36364;122374;123687.63636
Quảng Nam;Tây Giang;District;19073.21674;19378.88629;19689.45455;20005;20320.54545
Quảng Nam;Thăng Bình;District;174396.95283;174173.01446;173949.36364;173726;173502.63636
Quảng Nam;Tiên Phước;District;66961.06247;66719.50462;66478.81818;66239;65999.18182
Quảng Ngãi;Quảng Ngãi;Province;1227631.29988;1228985.0399;1230340.27273;1231697;1233053.72727
Quảng Ngãi;Ba Tơ;District;57290.75246;57997.74125;58713.45455;59438;60162.54545
Quảng Ngãi;Bình Sơn;District;179388.47242;179940.61376;180494.45455;181050;181605.54545
Quảng Ngãi;Đức Phổ;District;126156.05609;124286.12418;122443.90909;120629;118814.09091
Quảng Ngãi;Lý Sơn;District;18460.96102;18490.59309;18520.27273;18550;18579.72727
Quảng Ngãi;Minh Long;District;17856.42036;18140.40649;18428.90909;18722;19015.09091
Quảng Ngãi;Mộ Đức;District;116304.89944;115053.85762;113816.27273;112592;111367.72727
Quảng Ngãi;Nghĩa Hành;District;84188.85646;83537.54522;82891.27273;82250;81608.72727
Quảng Ngãi;Quảng Ngãi;District-level City;256573.04885;258177.64326;259792.27273;261417;263041.72727
Quảng Ngãi;Sơn Hà;District;75672.7128;76563.61209;77465;78377;79289
Quảng Ngãi;Sơn Tây;District;20344.52788;20617.34383;20893.81818;21174;21454.18182
Quảng Ngãi;Sơn Tịnh;District;95690.35384;95741.20886;95792.09091;95843;95893.90909
Quảng Ngãi;Tây Trà;District;19950.87392;20211.82134;20476.18182;20744;21011.81818
Quảng Ngãi;Trà Bồng;District;31559.2637;31787.84947;32018.09091;32250;32481.90909
Quảng Ngãi;Tư Nghĩa;District;128460.92198;128527.58006;128594.27273;128661;128727.72727
Quảng Ninh;Quảng Ninh;Province;1273080.06246;1288637.15883;1304384.36364;1320324;1336263.63636
Quảng Ninh;Ba Chẽ;District;21234.80402;21520.34582;21809.72727;22103;22396.27273
Quảng Ninh;Bình Liêu;District;30556.4499;30912.46911;31272.63636;31637;32001.36364
Quảng Ninh;Cẩm Phả;District-level City;186335.99482;187625.71584;188924.36364;190232;191539.63636
Quảng Ninh;Cô Tô;District;5937.07956;6050.85863;6166.81818;6285;6403.18182
Quảng Ninh;Đầm Hà;District;39073.97988;39775.64447;40489.90909;41217;41944.09091
Quảng Ninh;Đông Triều;District-level Town;167602.15322;168948.26184;170305.18182;171673;173040.81818
Quảng Ninh;Hải Hà;District;59067.75633;59889.03231;60721.72727;61566;62410.27273
Quảng Ninh;Hạ Long;District-level City;256323.331;260820.84461;265397.27273;270054;274710.72727
Quảng Ninh;Hoành Bồ;District;50938.29663;51504.54644;52077.09091;52656;53234.90909
Quảng Ninh;Móng Cái;District-level City;103228.85927;104973.9072;106748.45455;108553;110357.54545
Quảng Ninh;Quảng Yên;District-level Town;141993.57184;143290.49941;144599.27273;145920;147240.72727
Quảng Ninh;Tiên Yên;District;49083.66273;49659.00483;50241.09091;50830;51418.90909
Quảng Ninh;Uông Bí;District-level City;116876.51702;118229.29336;119597.72727;120982;122366.27273
Quảng Ninh;Vân Đồn;District;44889.04852;45457.4708;46033.09091;46616;47198.90909
Quảng Trị;Quảng Trị;Province;623133.74857;626199.06213;629279.45455;632375;635470.54545
Quảng Trị;Cam Lộ;District;46951.07821;47224.78675;47500.09091;47777;48053.90909
Quảng Trị;Cồn Cỏ;District;279.11502;299.83397;322.09091;346;369.90909
Quảng Trị;Đa Krông;District;41387.54608;41985.67821;42592.45455;43208;43823.54545
Quảng Trị;Đông Hà;District-level City;91968.21251;93182.05041;94411.90909;95658;96904.09091
Quảng Trị;Gio Linh;District;74408.53547;74696.57387;74985.72727;75276;75566.27273
Quảng Trị;Hải Lăng;District;81402.55149;80774.53501;80151.36364;79533;78914.63636
Quảng Trị;Hướng Hóa;District;86438.55729;87906.62995;89399.63636;90918;92436.36364
Quảng Trị;Quảng Trị;District-level Town;23067.55924;23163.30818;23259.45455;23356;23452.54545
Quảng Trị;Triệu Phong;District;90431.6333;89901.99292;89375.45455;88852;88328.54545
Quảng Trị;Vĩnh Linh;District;86942.80578;87111.87487;87281.27273;87451;87620.72727
Sóc Trăng;Sóc Trăng;Province;1225251.12413;1216658.29444;1208125.72727;1199653;1191180.27273
Sóc Trăng;Châu Thành;District;96715.18622;96203.42093;95694.36364;95188;94681.63636
Sóc Trăng;Cù Lao Dung;District;59575.03507;59148.30742;58724.63636;58304;57883.36364
Sóc Trăng;Kế Sách;District;151521.21115;150728.66922;149940.27273;149156;148371.72727
Sóc Trăng;Long Phú;District;99220.73907;97537.08476;95882;94255;92628
Sóc Trăng;Mỹ Tú;District;94912.23987;93426.3525;91963.72727;90524;89084.27273
Sóc Trăng;Mỹ Xuyên;District;151529.45241;151040.39153;150552.90909;150067;149581.09091
Sóc Trăng;Ngã Năm;District-level Town;75642.28147;75129.72234;74620.63636;74115;73609.36364
Sóc Trăng;Sóc Trăng;District-level City;136954.29901;137071.0997;137188;137305;137422
Sóc Trăng;Thạnh Trị;District;76908.77169;75788.26886;74684.09091;73596;72507.90909
Sóc Trăng;Trần Đề;District;117987.33662;116116.37963;114275.09091;112463;110650.90909
Sóc Trăng;Vĩnh Châu;District-level Town;164440.11657;164520.03886;164600;164680;164760
Sơn La;Sơn La;Province;1201995.25598;1217273.48388;1232745.90909;1248415;1264084.09091
Sơn La;Bắc Yên;District;64096.86785;64980.34523;65876;66784;67692
Sơn La;Mai Sơn;District;156748.85888;159091.06667;161468.27273;163881;166293.72727
Sơn La;Mộc Châu;District;110162.48115;111576.75323;113009.18182;114460;115910.81818
Sơn La;Mường La;District;97325.8964;98056.43373;98792.45455;99534;100275.54545
Sơn La;Phù Yên;District;112783.87373;113509.24064;114239.27273;114974;115708.72727
Sơn La;Quỳnh Nhai;District;62542.71983;63039.52312;63540.27273;64045;64549.72727
Sơn La;Sông Mã;District;146680.00812;149152.75211;151667.18182;154224;156780.81818
Sơn La;Sơn La;District-level City;102191.09701;103462.1888;104749.09091;106052;107354.90909
Sơn La;Sốp Cộp;District;47227.99245;48203.37859;49198.90909;50215;51231.09091
Sơn La;Thuận Châu;District;165930.82268;168177.65397;170454.90909;172763;175071.09091
Sơn La;Vân Hồ;District;59893.98208;60649.09464;61413.72727;62188;62962.27273
Sơn La;Yên Châu;District;76454.5176;77389.85556;78336.63636;79295;80253.36364
Tây Ninh;Tây Ninh;Province;1141391.86296;1150575.48583;1159833;1169165;1178497
Tây Ninh;Bến Cầu;District;67980.01305;68597.38496;69220.36364;69849;70477.63636
Tây Ninh;Châu Thành;District;137879.54391;138836.04513;139799.18182;140769;141738.81818
Tây Ninh;Dương Minh Châu;District;115152.11169;116472.21627;117807.45455;119158;120508.54545
Tây Ninh;Gò Dầu;District;148504.8934;149908.94569;151326.27273;152757;154187.72727
Tây Ninh;Hòa Thành;District;138091.28811;137976.09601;137861;137746;137631
Tây Ninh;Tân Biên;District;99922.34703;100672.58432;101428.45455;102190;102951.54545
Tây Ninh;Tân Châu;District;131134.78629;132326.65855;133529.36364;134743;135956.63636
Tây Ninh;Tây Ninh;District-level City;131579.99367;132317.52077;133059.18182;133805;134550.81818
Tây Ninh;Trảng Bàng;District;171201.47858;173486.35579;175801.72727;178148;180494.27273
Thái Bình;Thái Bình;Province;1839091.50883;1846182.62899;1853301.09091;1860447;1867592.90909
Thái Bình;Đông Hưng;District;241888.37939;242867.61666;243850.81818;244838;245825.18182
Thái Bình;Hưng Hà;District;252008.92369;252429.24768;252850.27273;253272;253693.72727
Thái Bình;Kiến Xương;District;215479.59464;215879.65322;216280.45455;216682;217083.54545
Thái Bình;Quỳnh Phụ;District;238567.46668;239355.70388;240146.54545;240940;241733.45455
Thái Bình;Thái Bình;District-level City;199813.01768;201866.50243;203941.09091;206037;208132.90909
Thái Bình;Thái Thụy;District;252577.82079;253456.15593;254337.54545;255222;256106.45455
Thái Bình;Tiền Hải;District;213511.4568;214183.85146;214858.36364;215535;216211.63636
Thái Bình;Vũ Thư;District;225276.29582;226154.43639;227036;227921;228806
Thái Nguyên;Thái Nguyên;Province;1242637.21807;1257171.15967;1271875.09091;1286751;1301626.90909
Thái Nguyên;Đại Từ;District;168441.32822;169521.60907;170608.81818;171703;172797.18182
Thái Nguyên;Định Hóa;District;88689.61447;88888.6294;89088.09091;89288;89487.90909
Thái Nguyên;Đồng Hỷ;District;89901.07407;90733.32119;91573.27273;92421;93268.72727
Thái Nguyên;Phổ Yên;District-level Town;180835.36154;185874.51575;191054.09091;196378;201701.90909
Thái Nguyên;Phú Bình;District;149585.421;151953.91402;154359.90909;156804;159248.09091
Thái Nguyên;Phú Lương;District;99311.60539;100295.29457;101288.72727;102292;103295.27273
Thái Nguyên;Sông Công;District-level City;67579.56466;68175.11273;68775.90909;69382;69988.09091
Thái Nguyên;Thái Nguyên;District-level City;331459.31025;334414.12108;337395.27273;340403;343410.72727
Thái Nguyên;Võ Nhai;District;67038.35809;67383.78909;67731;68080;68429
Thanh Hóa;Thanh Hóa;Province;3575190.83476;3596706.81074;3618352.27273;3640128;3661903.72727
Thanh Hóa;Bá Thước;District;99618.73333;100022.18604;100427.27273;100834;101240.72727
Thanh Hóa;Bỉm Sơn;District-level Town;57042.13921;57483.99463;57929.27273;58378;58826.72727
Thanh Hóa;Cẩm Thủy;District;107449.23523;108322.70371;109203.27273;110091;110978.72727
Thanh Hóa;Đông Sơn;District;76208.22541;76445.74257;76684;76923;77162
Thanh Hóa;Hà Trung;District;115910.9853;116874.62336;117846.27273;118826;119805.72727
Thanh Hóa;Hậu Lộc;District;173522.35233;174482.24845;175447.45455;176418;177388.54545
Thanh Hóa;Hoằng Hóa;District;229960.14935;230983.20805;232010.81818;233043;234075.18182
Thanh Hóa;Lang Chánh;District;48488.33341;48873.81623;49262.36364;49654;50045.63636
Thanh Hóa;Mường Lát;District;38130.99365;38727.28891;39332.90909;39948;40563.09091
Thanh Hóa;Nga Sơn;District;139678.35086;140155.27032;140633.81818;141114;141594.18182
Thanh Hóa;Ngọc Lặc;District;134552.51755;135235.20868;135921.36364;136611;137300.63636
Thanh Hóa;Như Thanh;District;92166.51688;93070.77706;93983.90909;94906;95828.09091
Thanh Hóa;Như Xuân;District;65717.47094;65891.18769;66065.36364;66240;66414.63636
Thanh Hóa;Nông Cống;District;182827.45582;182818.63679;182809.81818;182801;182792.18182
Thanh Hóa;Quảng Xương;District;195002.89028;196635.88039;198282.54545;199943;201603.45455
Thanh Hóa;Quan Hóa;District;47487.07922;47939.07036;48395.36364;48856;49316.63636
Thanh Hóa;Quan Sơn;District;39153.34163;39605.64915;40063.18182;40526;40988.81818
Thanh Hóa;Sầm Sơn;District-level City;104425.56056;105995.97191;107590;109208;110826
Thanh Hóa;Thạch Thành;District;142139.22072;142870.04971;143604.63636;144343;145081.36364
Thanh Hóa;Thanh Hóa;District-level City;349814.88483;353148.06249;356513;359910;363307
Thanh Hóa;Thiệu Hóa;District;158616.26084;159318.39456;160023.63636;160732;161440.36364
Thanh Hóa;Thọ Xuân;District;200631.40284;199074.89093;197530.45455;195998;194465.54545
Thanh Hóa;Thường Xuân;District;87528.06983;88059.15101;88593.45455;89131;89668.54545
Thanh Hóa;Tĩnh Gia;District;241305.425;244532.27341;247802.27273;251116;254429.72727
Thanh Hóa;Triệu Sơn;District;200531.6922;201147.89934;201766;202386;203006
Thanh Hóa;Vĩnh Lộc;District;84732.17968;85272.00659;85815.27273;86362;86908.72727
Thanh Hóa;Yên Định;District;162802.25259;163805.30901;164814.54545;165830;166845.45455
TP. Hồ Chí Minh;TP. Hồ Chí Minh;Municipality;8503109.60035;8663393.39643;8826698.54545;8993082;9159465.45455
TP. Hồ Chí Minh;Bình Chánh;District;630499.27584;654571.42476;679562.63636;705508;731453.36364
TP. Hồ Chí Minh;Bình Tân;Urban District;727753.54326;746093.9426;764896.54545;784173;803449.45455
TP. Hồ Chí Minh;Bình Thạnh;Urban District;487850.0277;491592.5675;495363.81818;499164;502964.18182
TP. Hồ Chí Minh;Cần Giờ;District;70797.57775;71039.55716;71282.36364;71526;71769.63636
TP. Hồ Chí Minh;Củ Chi;District;430374.4937;440683.10572;451238.63636;462047;472855.36364
TP. Hồ Chí Minh;Gò Vấp;Urban District;635707.0135;649151.34222;662880;676899;690918
TP. Hồ Chí Minh;Hóc Môn;District;491245.97752;507688.49639;524681.36364;542243;559804.63636
TP. Hồ Chí Minh;Nhà Bè;District;179312.60373;188054.30847;197222.18182;206837;216451.81818
TP. Hồ Chí Minh;Phú Nhuận;Urban District;166861.75851;165889.18122;164922.27273;163961;162999.72727
TP. Hồ Chí Minh;Quận 1;Urban District;153127.27146;149543.28453;146043.18182;142625;139206.81818
TP. Hồ Chí Minh;Quận 2;Urban District;171480.64768;174363.36623;177294.54545;180275;183255.45455
TP. Hồ Chí Minh;Quận 3;Urban District;190423.54958;190407.36501;190391.18182;190375;190358.81818
TP. Hồ Chí Minh;Quận 4;Urban District;176874.70201;176357.95981;175842.72727;175329;174815.27273
TP. Hồ Chí Minh;Quận 5;Urban District;162473.03142;161331.68867;160198.36364;159073;157947.63636
TP. Hồ Chí Minh;Quận 6;Urban District;237887.81063;236436.70676;234994.45455;233561;232127.54545
TP. Hồ Chí Minh;Quận 7;Urban District;329467.01505;339394.22139;349620.54545;360155;370689.45455
TP. Hồ Chí Minh;Quận 8;Urban District;420346.73383;421781.91685;423222;424667;426112
TP. Hồ Chí Minh;Quận 9;Urban District;359843.7881;371827.66279;384210.63636;397006;409801.36364
TP. Hồ Chí Minh;Quận 10;Urban District;233600.93042;234006.24994;234412.27273;234819;235225.72727
TP. Hồ Chí Minh;Quận 11;Urban District;214533.99165;212966.90874;211411.27273;209867;208322.72727
TP. Hồ Chí Minh;Quận 12;Urban District;563393.03713;581708.79825;600620;620146;639672
TP. Hồ Chí Minh;Tân Bình;Urban District;460465.47214;465192.29311;469967.63636;474792;479616.36364
TP. Hồ Chí Minh;Tân Phú;Urban District;461940.3607;469614.70506;477416.54545;485348;493279.45455
TP. Hồ Chí Minh;Thủ Đức;Urban District;552578.42291;565636.60202;579003.36364;592686;606368.63636
Thừa Thiên Huế;Thừa Thiên Huế;Province;1117420.88427;1121141.52063;1124874.54545;1128620;1132365.45455
Thừa Thiên Huế;A Lưới;District;47560.7646;48171.95518;48791;49418;50045
Thừa Thiên Huế;Huế;District-level City;347142.58565;348574.47606;350012.27273;351456;352899.72727
Thừa Thiên Huế;Hương Thủy;District-level Town;109166.9271;110743.08522;112342;113964;115586
Thừa Thiên Huế;Hương Trà;District-level Town;115073.00065;115078.00022;115083;115088;115093
Thừa Thiên Huế;Nam Đông;District;23830.15208;23985.74987;24142.36364;24300;24457.63636
Thừa Thiên Huế;Phong Điền;District;87865.2997;87837.19081;87809.09091;87781;87752.90909
Thừa Thiên Huế;Phú Lộc;District;131070.55676;130661.09335;130252.90909;129846;129439.09091
Thừa Thiên Huế;Phú Vang;District;177089.14431;177918.53902;178751.81818;179589;180426.18182
Thừa Thiên Huế;Quảng Điền;District;78724.48874;78205.57964;77690.09091;77178;76665.90909
Tiền Giang;Tiền Giang;Province;1739236.08654;1747512.93981;1755829.18182;1764185;1772540.81818
Tiền Giang;Cái Bè;District;291185.38937;291702.00912;292219.54545;292738;293256.45455
Tiền Giang;Cai Lậy;District;191073.45756;191822.03514;192573.54545;193328;194082.45455
Tiền Giang;Cai Lậy;District-level Town;124327.24394;124755.0224;125184.27273;125615;126045.72727
Tiền Giang;Châu Thành;District;258096.98051;259861.2331;261637.54545;263426;265214.45455
Tiền Giang;Chợ Gạo;District;186205.76871;186706.16653;187207.90909;187711;188214.09091
Tiền Giang;Gò Công;District-level Town;98221.22361;98697.50251;99176.09091;99657;100137.90909
Tiền Giang;Gò Công Đông;District;139391.62691;139280.99682;139170.45455;139060;138949.54545
Tiền Giang;Gò Công Tây;District;126521.25336;126724.50887;126928.09091;127132;127335.90909
Tiền Giang;Mỹ Tho;District-level City;219735.33261;222491.83122;225282.90909;228109;230935.09091
Tiền Giang;Tân Phú Đông;District;41630.14383;41778.89706;41928.18182;42078;42227.81818
Tiền Giang;Tân Phước;District;62929.93958;63720.32445;64520.63636;65331;66141.36364
Trà Vinh;Trà Vinh;Province;1007490.02178;1008049.03762;1008608.36364;1009168;1009727.63636
Trà Vinh;Càng Long;District;146523.01748;146912.30977;147302.63636;147694;148085.36364
Trà Vinh;Cầu Kè;District;104639.62421;104011.65508;103387.45455;102767;102146.54545
Trà Vinh;Cầu Ngang;District;123823.02373;122960.69094;122104.36364;121254;120403.63636
Trà Vinh;Châu Thành;District;142070.68003;142724.11007;143380.54545;144040;144699.45455
Trà Vinh;Duyên Hải;District;77970.68245;78128.13679;78285.90909;78444;78602.09091
Trà Vinh;Duyên Hải;District-level Town;48289.68022;48263.10553;48236.54545;48210;48183.45455
Trà Vinh;Tiểu Cần;District;108194.37445;108078.12477;107962;107846;107730
Trà Vinh;Trà Cú;District;147225.36955;146925.97126;146627.18182;146329;146030.81818
Trà Vinh;Trà Vinh;District-level City;108839.48031;110073.60693;111321.72727;112584;113846.27273
Tuyên Quang;Tuyên Quang;Province;768563.5192;773941.62449;779357.36364;784811;790264.63636
Tuyên Quang;Chiêm Hóa;District;126328.27777;126576.0323;126824.27273;127073;127321.72727
Tuyên Quang;Hàm Yên;District;118204.97414;119241.5331;120287.18182;121342;122396.81818
Tuyên Quang;Lâm Bình;District;30681.60201;30832.65644;30984.45455;31137;31289.54545
Tuyên Quang;Nà Hang;District;42852.12318;42983.67784;43115.63636;43248;43380.36364
Tuyên Quang;Sơn Dương;District;180372.01381;181441.65351;182517.63636;183600;184682.36364
Tuyên Quang;Tuyên Quang;District-level City;100491.91339;101857.63097;103241.90909;104645;106048.09091
Tuyên Quang;Yên Sơn;District;169659.5969;171017.50069;172386.27273;173766;175145.72727
Vĩnh Long;Vĩnh Long;Province;1023313.63445;1023139.3933;1022965.18182;1022791;1022616.81818
Vĩnh Long;Bình Minh;District-level Town;92857.02108;93520.59408;94188.90909;94862;95535.09091
Vĩnh Long;Bình Tân;District;95010.61471;95242.84173;95475.63636;95709;95942.36364
Vĩnh Long;Long Hồ;District;165752.57169;166398.52717;167047;167698;168349
Vĩnh Long;Mang Thít;District;97000.45846;96723.51571;96447.36364;96172;95896.63636
Vĩnh Long;Tam Bình;District;152144.03656;151935.73933;151727.72727;151520;151312.27273
Vĩnh Long;Trà Ôn;District;131011.81205;130535.81404;130061.54545;129589;129116.45455
Vĩnh Long;Vĩnh Long;District-level City;137522.29272;137638.0976;137754;137870;137986
Vĩnh Long;Vũng Liêm;District;152063.0121;151160.32676;150263;149371;148479
Vĩnh Phúc;Vĩnh Phúc;Province;1110363.33304;1123797.03918;1137393.27273;1151154;1164914.72727
Vĩnh Phúc;Bình Xuyên;District;124901.39353;126906.24275;128943.27273;131013;133082.72727
Vĩnh Phúc;Lập Thạch;District;131431.75914;132986.05277;134558.72727;136150;137741.27273
Vĩnh Phúc;Phúc Yên;District-level City;102173.05049;103433.74748;104710;106002;107294
Vĩnh Phúc;Sông Lô;District;96003.10133;96906.21193;97817.81818;98738;99658.18182
Vĩnh Phúc;Tam Đảo;District;79946.58561;81253.25095;82581.27273;83931;85280.72727
Vĩnh Phúc;Tam Dương;District;109102.2136;110837.39932;112600.18182;114391;116181.81818
Vĩnh Phúc;Vĩnh Tường;District;200967.30098;202416.06482;203875.27273;205345;206814.72727
Vĩnh Phúc;Vĩnh Yên;District-level City;112482.63584;114655.51253;116870.36364;119128;121385.63636
Vĩnh Phúc;Yên Lạc;District;153416.98276;154423.37233;155436.36364;156456;157475.63636
Yên Bái;Yên Bái;Province;799234.93466;806434.90026;813699.72727;821030;828360.27273
Yên Bái;Lục Yên;District;107223.65884;107752.16329;108283.27273;108817;109350.72727
Yên Bái;Mù Căng Chải;District;60033.52063;61315.12581;62624.09091;63961;65297.90909
Yên Bái;Nghĩa Lộ;District-level Town;30587.74425;30982.0578;31381.45455;31786;32190.54545
Yên Bái;Trạm Tấu;District;32020.75351;32655.18267;33302.18182;33962;34621.81818
Yên Bái;Trấn Yên;District;83243.68684;83718.08257;84195.18182;84675;85154.81818
Yên Bái;Văn Chấn;District;152405.84802;153421.44922;154443.81818;155473;156502.18182
Yên Bái;Văn Yên;District;125984.0239;127203.83396;128435.45455;129679;130922.54545
Yên Bái;Yên Bái;District-level City;97981.86516;98857.06924;99740.09091;100631;101521.90909
Yên Bái;Yên Bình;District;109805.64549;110547.40827;111294.18182;112046;112797.81818
