P,[2016-1,2016-2,2016-3,2016-4,2016-5,2016-6,2016-7,2016-8,2016-9,2016-10,2016-11,2016-12,2017-1,2017-2,2017-3,2017-4,2017-5,2017-6,2017-7,2017-8,2017-9,2017-10,2017-11,2017-12,2018-1,2018-2,2018-3,2018-4,2018-5,2018-6,2018-7,2018-8,2018-9,2018-10,2018-11,2018-12,2019-1,2019-2,2019-3,2019-4,2019-5,2019-6,2019-7,2019-8,2019-9,2019-10,2019-11,2019-12,2020-1,2020-2,2020-3,2020-4,2020-5,2020-6,2020-7]
11_0,0,0,0,0,0,0,0,0,0,1,0,0,0,0,1,0,0,0,0,0,0,0,0,0,0,0,0,0,0,0,0,1,0,0,0,0,0,0,0,0,0,0,0,0,0,0,1,1,0,0,0,0,0,1,0
11_1,0,0,0,0,0,0,2,0,1,2,0,3,0,0,1,1,1,0,1,3,0,1,2,1,2,2,2,0,1,1,4,0,3,3,2,1,3,0,0,0,0,2,0,2,2,1,1,1,3,0,0,0,0,0,0
11_2,0,0,0,0,0,0,11,10,14,12,22,15,18,17,13,24,20,17,25,12,24,31,30,15,19,19,18,19,19,16,19,24,12,17,32,22,27,10,12,14,19,17,21,21,15,27,20,24,23,19,19,22,17,6,0
11_3,2,2,0,0,0,2,10,21,24,34,28,55,34,57,35,56,48,46,56,53,35,53,53,44,40,38,52,38,47,38,48,55,58,62,57,48,73,43,51,53,56,33,59,57,52,55,47,52,56,44,34,26,57,27,1
11_4,1,4,0,0,0,3,17,22,31,37,32,48,37,46,50,44,64,65,56,59,52,75,68,42,58,46,67,68,70,54,70,78,60,89,65,59,82,76,60,62,74,69,72,68,74,90,67,70,67,60,59,44,61,34,0
11_5,0,1,0,0,0,2,37,42,59,40,56,59,62,84,64,73,69,91,82,86,95,94,110,85,92,67,85,67,91,78,77,86,91,99,94,76,106,82,93,86,83,91,87,92,95,104,102,75,71,87,73,77,78,32,0
11_6,1,1,0,0,0,1,17,34,40,36,34,64,48,69,83,54,64,69,70,64,75,50,76,72,63,61,78,73,86,70,78,92,76,109,80,83,88,70,82,69,84,90,87,90,77,97,87,80,90,78,82,68,75,39,0
11_7,0,1,0,0,0,2,29,41,39,44,47,48,64,59,62,70,49,63,61,57,65,68,56,56,69,69,87,56,73,57,85,93,72,88,72,67,81,75,73,61,76,69,69,63,79,62,74,51,71,69,57,47,63,33,1
11_8,0,0,0,0,0,0,0,0,0,0,0,0,0,0,0,0,0,0,0,1,0,1,0,0,2,1,0,1,1,2,1,1,1,0,0,0,0,0,0,0,0,0,0,0,0,0,0,0,0,0,2,0,0,0,0
11_9,0,0,0,0,0,0,0,1,2,2,0,1,0,0,1,1,0,3,2,0,1,2,0,2,1,0,1,0,4,1,2,1,2,2,1,2,1,0,1,1,0,0,1,1,1,0,1,1,4,0,0,2,2,1,0
11_10,0,0,0,0,0,1,7,10,7,9,2,12,4,10,9,8,11,7,14,14,12,15,18,10,8,4,15,4,15,8,5,11,11,12,16,14,14,9,16,14,15,14,15,15,18,16,12,7,10,14,10,10,5,2,0
11_11,0,0,0,0,0,3,9,12,21,19,18,20,17,16,20,17,18,22,21,15,17,27,26,27,17,14,21,21,25,21,30,21,27,29,20,14,26,17,29,19,20,27,22,21,24,18,21,21,29,23,11,21,15,3,0
11_12,0,0,0,0,0,0,7,16,11,16,11,11,11,23,9,19,11,15,9,13,10,13,8,14,16,10,12,10,19,12,25,22,15,19,13,13,18,11,23,17,22,15,23,11,21,18,15,9,8,18,15,10,12,12,0
11_13,0,0,0,0,0,0,10,7,13,11,18,13,15,18,20,17,14,18,20,16,16,12,17,19,17,21,20,15,19,20,27,22,17,21,25,25,25,16,22,17,18,19,25,21,12,14,20,18,15,13,13,12,14,8,0
11_14,1,1,0,0,0,0,11,11,9,15,19,19,26,20,23,21,15,20,18,24,17,13,25,17,20,16,18,17,22,26,22,29,18,24,32,22,25,23,30,25,25,28,24,30,30,19,22,30,22,29,24,15,18,7,0
11_15,1,1,0,0,0,1,14,17,20,17,18,15,22,22,22,26,30,25,24,29,21,26,24,25,25,25,19,27,20,29,28,35,37,29,41,27,37,21,29,20,28,32,43,39,31,40,42,32,34,50,26,17,23,15,0
11_16,0,0,0,0,0,3,19,25,38,34,24,41,40,49,45,31,36,27,26,23,32,26,29,17,21,26,31,12,21,20,21,23,21,29,15,17,22,14,27,16,19,20,26,24,21,29,20,27,26,30,20,14,14,5,0
11_17,5,7,0,0,0,5,19,59,57,61,73,75,90,145,132,159,125,167,142,151,165,189,181,176,195,200,204,190,217,195,183,236,201,230,195,193,236,179,220,189,212,203,234,232,230,250,218,210,217,240,172,150,184,86,0
11_18,1,3,0,0,0,5,136,153,193,192,204,255,220,239,228,232,245,253,282,268,236,254,292,228,226,162,253,209,263,208,303,299,273,325,329,254,341,250,262,249,283,280,284,261,275,274,287,229,249,231,229,198,233,125,2
11_19,0,1,0,0,0,2,7,7,3,8,4,12,8,8,8,9,8,14,9,4,7,12,11,8,7,5,7,5,11,10,14,13,5,19,11,9,7,10,12,4,6,3,4,14,5,8,7,6,11,3,4,9,9,4,0
11_20,0,0,0,0,0,0,0,0,0,0,0,0,0,0,0,0,0,0,0,0,0,0,0,0,0,0,0,0,0,0,0,0,0,0,0,0,0,0,0,0,0,0,0,0,0,0,0,0,0,0,0,0,0,0,0
11_21,0,0,0,0,0,0,0,0,0,0,0,0,0,0,0,0,0,0,0,0,0,0,0,0,0,0,0,0,0,0,0,0,0,0,0,0,0,0,0,0,0,0,0,0,0,0,0,0,0,0,0,0,0,0,0
11_22,0,0,0,0,0,0,0,0,0,0,0,0,0,0,0,0,0,0,0,0,0,0,0,0,0,0,0,0,0,0,0,0,0,0,0,0,0,0,0,0,0,0,0,0,0,0,0,0,0,0,0,0,0,0,0
11_23,0,0,0,0,0,7,67,98,99,99,49,119,61,118,138,128,120,133,140,150,156,161,199,127,75,44,96,71,97,53,56,84,45,7,14,11,20,17,14,8,14,10,51,60,71,98,94,81,110,154,126,110,176,107,2
11_24,5,10,0,0,0,4,74,100,138,146,174,196,223,270,232,242,251,270,258,231,224,258,248,236,285,261,303,280,319,287,362,381,359,460,404,348,411,344,366,322,374,366,358,347,335,364,334,300,301,284,241,205,219,88,0
11_25,1,1,0,0,0,3,31,29,44,38,64,60,59,42,35,49,35,49,47,53,54,53,58,57,74,72,79,57,79,81,87,90,77,116,108,96,154,75,117,111,119,117,123,105,106,85,88,77,84,63,53,53,42,20,0
11_26,0,0,0,0,0,0,1,1,0,2,0,1,0,2,1,2,0,2,2,2,1,2,1,0,2,2,4,1,5,2,5,3,4,0,3,2,3,2,4,4,1,7,1,2,3,0,2,0,1,0,1,1,1,3,0
11_27,0,0,0,0,0,1,6,16,9,10,13,6,13,7,5,8,7,4,11,9,4,6,3,5,9,7,8,4,8,8,5,9,8,12,10,7,8,8,10,8,7,2,6,7,7,8,10,6,4,2,3,2,2,2,0
11_28,0,0,0,0,0,0,2,0,1,0,2,1,1,2,1,2,0,1,1,0,1,1,2,1,2,4,3,1,4,1,6,2,6,7,10,9,10,3,6,2,2,2,8,8,5,5,2,6,2,0,1,0,0,0,0
11_29,0,0,0,0,0,0,0,0,0,0,3,0,1,0,1,0,1,2,0,1,0,0,2,3,2,3,2,2,0,1,0,2,1,1,1,0,0,4,4,3,2,2,1,1,4,1,2,2,1,1,0,0,0,0,0
11_30,0,0,0,0,0,0,0,0,0,0,0,0,0,0,0,0,0,0,0,0,0,0,0,0,0,0,0,0,0,0,0,0,0,0,0,0,0,0,0,0,1,0,0,1,0,0,0,0,0,0,0,0,0,0,0
11_31,0,0,0,0,0,0,3,1,2,0,4,6,3,5,1,6,4,15,4,12,6,6,16,9,4,3,9,7,5,7,7,4,9,5,9,3,6,6,6,7,3,4,3,8,6,9,4,1,6,6,3,6,4,0,0
11_32,5,3,3,9,0,5,3,4,5,3,13,6,0,0,0,0,0,0,0,0,0,4,1,2,6,5,4,6,2,12,6,4,6,3,10,5,3,2,0,3,5,2,3,5,9,6,4,2,2,3,7,7,0,0,0
12_0,0,0,0,0,0,0,0,0,2,0,1,2,1,1,1,0,0,0,0,0,1,0,0,1,0,0,0,0,0,0,0,1,0,0,1,1,2,1,5,3,0,0,2,0,0,0,0,0,0,0,0,0,0,0,0
12_1,0,0,0,0,0,0,1,0,1,2,1,1,1,0,0,0,1,0,0,1,1,0,1,1,0,1,0,0,0,1,1,0,0,0,0,0,0,1,0,1,0,1,0,2,1,0,0,6,0,0,1,0,1,0,0
12_2,0,0,0,0,0,0,4,12,12,10,12,13,12,9,13,11,19,18,19,16,22,19,18,16,14,12,15,15,16,16,14,12,11,15,15,12,11,11,18,14,20,21,16,27,20,19,17,21,18,22,13,14,13,6,0
12_3,0,0,0,1,0,8,9,20,46,35,37,41,24,35,31,36,42,42,50,38,41,50,38,39,36,31,23,26,29,29,29,24,25,35,36,35,27,28,25,43,39,34,36,40,33,44,36,40,29,42,38,37,34,19,0
12_4,0,0,0,0,0,2,13,16,23,25,35,41,38,41,41,33,57,42,46,38,56,44,47,39,42,27,42,34,39,35,40,45,34,42,43,35,43,29,48,40,61,52,57,57,46,58,49,57,42,48,37,37,39,14,0
12_5,0,0,0,0,1,5,25,32,32,43,44,57,41,51,42,40,55,42,55,51,57,58,58,55,61,45,49,57,59,56,59,46,66,56,57,37,54,27,47,42,53,45,58,61,68,56,79,66,60,76,69,65,53,25,0
12_6,0,0,0,1,2,8,19,25,36,43,41,70,46,73,66,62,60,55,48,68,55,69,71,64,72,54,66,52,64,49,56,55,51,65,64,46,57,35,52,43,82,44,63,56,63,74,67,69,57,64,68,53,57,28,0
12_7,0,0,0,0,0,4,22,23,24,40,38,42,40,50,49,46,49,45,45,55,52,48,55,57,44,51,50,60,51,53,40,58,41,51,42,45,42,36,46,57,48,67,58,73,50,66,52,52,56,57,64,54,61,26,0
12_8,0,0,0,0,0,0,0,0,0,0,1,1,2,0,0,0,1,0,0,0,0,1,0,0,0,2,0,0,1,1,1,0,0,0,0,0,0,0,0,0,0,0,0,0,0,0,0,1,0,1,2,0,0,0,0
12_9,0,0,0,0,0,0,0,2,0,1,1,3,1,1,0,2,0,1,1,2,1,1,1,0,1,0,0,3,1,0,0,0,0,0,1,2,0,0,1,0,0,0,0,0,1,0,1,0,4,1,1,1,0,0,0
12_10,0,0,0,0,0,1,4,6,5,5,13,11,12,13,10,10,18,10,12,9,8,8,9,9,9,7,7,5,9,4,10,5,12,6,8,11,13,10,7,11,8,16,8,12,8,8,10,9,10,7,19,6,12,2,0
12_11,0,0,1,0,1,3,12,12,13,15,15,18,21,14,20,17,21,15,16,16,21,13,15,17,18,16,14,15,26,11,20,19,21,19,20,23,21,17,17,19,20,20,19,22,16,21,16,22,14,13,15,17,13,8,0
12_12,0,0,0,0,0,8,1,9,4,6,8,6,13,9,12,10,13,13,15,11,14,10,13,13,12,13,10,12,6,11,13,12,13,13,19,12,9,9,15,17,14,10,13,12,10,12,11,10,12,12,14,16,15,7,0
12_13,0,0,0,0,0,2,4,7,5,10,10,9,11,9,9,7,13,5,10,9,13,5,19,5,18,6,19,12,11,8,16,8,8,10,9,13,5,8,7,17,11,15,15,18,12,13,13,17,7,13,15,12,14,8,0
12_14,0,0,1,0,1,0,3,6,9,10,9,15,12,11,9,13,15,10,17,17,16,14,15,10,13,11,10,14,11,23,13,17,14,17,17,14,19,13,19,20,20,17,18,16,20,19,21,27,20,25,22,18,19,10,0
12_15,0,0,0,0,0,4,2,11,6,8,12,21,13,15,19,17,15,17,17,18,17,11,17,12,14,18,17,15,16,10,25,12,22,22,20,17,25,13,21,22,21,20,15,24,12,22,19,15,22,21,19,18,10,7,0
12_16,0,0,0,0,1,5,2,10,6,16,5,19,10,21,14,18,12,14,15,18,19,20,16,21,17,15,20,16,19,15,20,20,28,21,17,26,18,28,21,19,23,27,17,24,14,26,19,18,14,24,12,18,16,5,0
12_17,0,0,2,2,4,26,62,101,102,143,156,204,163,191,162,156,167,125,122,146,160,141,168,136,141,130,144,142,157,141,142,126,135,151,161,120,149,82,144,140,149,143,126,143,99,115,133,134,109,117,125,104,113,45,0
12_18,0,0,0,0,0,12,50,67,103,92,110,122,113,118,144,128,196,172,207,180,188,188,184,178,191,147,154,157,157,141,168,159,147,169,165,152,155,123,156,185,218,190,227,249,237,261,232,249,221,251,248,220,202,106,0
12_19,0,0,0,0,0,2,5,3,7,2,7,6,2,2,2,2,4,4,7,5,8,2,9,3,5,2,4,5,6,10,7,9,8,10,9,5,6,5,7,5,7,2,8,4,10,10,7,11,7,10,12,6,10,4,0
12_20,0,0,0,0,0,0,0,0,0,0,0,0,0,0,0,0,0,0,0,0,0,0,0,0,0,0,0,0,0,0,0,0,0,0,0,0,0,0,0,0,0,0,0,0,0,0,0,0,0,0,0,0,0,0,0
12_21,0,0,0,0,0,0,0,0,0,0,0,0,0,0,0,0,0,0,0,0,0,0,0,0,0,0,0,0,0,0,0,0,0,0,0,0,0,0,0,0,0,0,0,0,0,0,0,0,0,0,0,0,0,0,0
12_22,0,0,0,0,0,0,0,0,0,0,0,0,0,0,0,0,0,0,0,0,0,0,0,0,0,0,0,0,0,0,0,0,0,0,0,0,0,0,0,0,0,0,0,0,0,0,0,0,0,0,0,0,0,0,0
12_23,0,0,1,0,1,4,7,16,12,13,20,26,25,37,40,40,66,32,61,47,62,60,39,17,26,23,25,34,38,35,54,55,58,72,57,43,33,15,17,6,16,10,24,8,9,9,15,13,19,21,28,18,48,36,0
12_24,0,0,0,2,3,25,81,126,130,187,189,233,195,235,217,203,246,232,236,244,264,235,273,252,254,215,237,220,230,212,221,197,190,209,212,188,199,159,205,243,277,252,265,301,279,306,303,303,247,296,290,273,229,106,0
12_25,0,0,1,0,1,16,29,37,73,51,65,87,65,57,63,53,63,49,50,58,48,50,62,66,71,53,56,60,65,55,56,52,62,58,78,66,91,60,100,91,98,92,84,95,67,88,66,88,72,80,71,50,60,15,0
12_26,0,0,0,0,0,0,0,0,0,0,0,1,0,1,0,1,0,1,0,0,0,1,0,1,0,1,1,1,1,1,1,0,1,0,0,0,0,1,0,1,1,0,0,1,0,0,1,0,2,0,1,0,0,0,0
12_27,0,0,0,0,0,0,0,1,3,2,1,2,2,2,1,4,3,1,0,0,1,2,2,2,3,2,3,2,3,4,5,7,4,9,4,5,2,1,3,3,0,4,1,9,3,6,2,4,8,5,7,7,3,3,0
12_28,0,0,0,0,0,0,1,0,0,0,3,2,1,0,1,2,1,0,3,0,0,3,1,0,0,0,0,3,1,0,0,3,2,3,1,1,2,1,1,5,5,4,2,1,1,2,2,1,2,0,0,0,1,0,0
12_29,0,0,0,0,0,0,1,1,0,0,0,0,0,0,0,1,0,0,1,0,0,0,0,0,0,0,0,0,1,0,0,0,1,0,0,0,1,1,2,0,0,0,1,1,0,0,0,2,0,0,0,0,0,0,0
12_30,0,0,0,0,0,0,0,0,0,0,0,0,0,0,0,0,0,0,0,0,0,0,0,0,0,0,0,0,0,0,0,0,0,0,0,0,0,0,0,0,0,0,1,4,1,1,2,1,1,0,0,0,0,0,0
12_31,0,0,0,0,0,0,0,2,0,3,3,3,4,7,4,6,5,7,4,2,5,4,3,6,3,2,5,4,4,8,3,7,7,6,2,2,2,1,3,3,9,2,11,13,11,16,8,11,3,12,2,5,3,2,0
12_32,5,1,1,2,6,3,5,1,3,2,3,1,0,1,6,0,2,4,3,1,0,1,3,2,5,0,4,1,1,5,8,5,3,1,7,1,2,0,2,0,1,2,4,3,8,2,5,2,3,4,3,3,2,4,3,4,5,4,5,5
13_0,0,0,0,0,0,0,0,0,0,0,0,0,1,1,0,0,0,0,0,0,0,0,0,0,0,0,0,0,0,0,0,0,0,0,0,0,0,0,0,1,1,0,0,1,1,1,1,0,1,0,0,0,1,0,0
13_1,0,0,0,0,0,0,4,0,0,0,0,0,0,0,0,0,0,0,0,1,1,0,0,1,0,1,0,1,0,0,0,0,1,0,0,0,0,1,0,0,0,0,0,0,0,0,1,1,2,0,0,2,1,1,0
13_2,0,1,0,0,0,0,2,0,2,0,3,0,1,2,2,3,5,7,3,0,4,2,4,1,2,0,0,0,2,5,4,4,4,3,2,4,2,2,5,1,1,6,2,3,4,3,2,2,4,2,2,2,6,1,0
13_3,0,0,0,0,1,2,4,9,15,6,3,4,4,5,6,8,6,3,11,9,6,10,7,8,7,7,7,10,9,13,5,6,10,10,5,8,2,15,12,11,9,5,7,12,4,9,7,6,6,6,7,6,15,2,0
13_4,1,0,0,0,0,0,13,13,27,14,10,10,8,11,17,16,13,19,7,17,14,15,17,12,8,7,15,6,8,6,5,8,4,8,11,9,12,6,12,6,16,9,14,10,10,13,5,9,9,9,10,13,8,0,0
13_5,0,0,0,1,0,0,11,14,9,8,5,11,5,7,10,10,10,11,13,8,8,14,10,12,11,4,10,12,18,11,12,16,13,15,16,14,13,12,14,14,16,14,15,16,19,18,12,9,7,8,9,9,5,1,0
13_6,0,0,0,0,0,0,6,7,8,3,5,4,7,7,9,9,5,5,9,4,13,9,3,12,6,5,7,6,8,9,10,4,11,8,11,8,15,12,13,11,12,10,12,10,11,7,8,6,12,4,15,5,11,2,0
13_7,0,0,0,0,0,0,5,1,5,0,0,3,2,1,1,1,3,5,8,5,4,6,3,7,4,0,4,3,4,5,5,3,4,2,1,4,4,3,7,5,9,5,5,12,11,4,6,6,4,2,3,5,1,0,0
13_8,0,0,0,0,0,0,0,0,0,0,0,0,0,0,0,0,0,0,0,0,0,0,0,0,0,0,0,0,0,0,0,0,2,0,1,0,1,0,0,0,1,0,1,1,1,0,1,1,0,0,0,0,0,0,0
13_9,0,0,0,0,0,0,1,0,0,0,0,0,0,0,0,0,0,0,0,0,0,0,0,0,0,0,0,1,1,0,0,0,0,0,0,0,0,0,0,0,2,0,0,0,0,0,1,0,0,0,0,0,0,0,0
13_10,0,0,1,0,1,0,1,2,2,2,4,4,4,2,0,2,6,3,5,2,0,4,3,6,1,3,4,6,7,7,2,4,3,1,1,3,4,0,3,3,3,2,4,6,3,3,4,1,1,3,4,2,0,0,0
13_11,0,0,0,0,0,0,1,3,3,4,1,3,1,4,2,2,2,4,3,3,3,5,2,6,8,2,3,2,3,9,3,2,4,5,3,2,3,6,4,3,2,2,3,3,2,3,0,2,2,2,1,1,3,0,0
13_12,0,0,0,0,0,0,2,0,2,4,2,2,1,2,6,6,5,2,3,4,4,4,2,5,2,1,4,1,0,1,1,2,2,1,3,1,2,2,3,3,2,3,3,3,4,3,4,1,1,4,3,3,4,0,0
13_13,0,0,0,2,0,0,3,3,3,4,3,2,3,2,0,2,4,3,1,2,0,1,3,1,5,1,0,2,6,1,2,1,0,1,2,1,0,3,3,2,3,1,6,3,5,3,5,3,4,3,2,3,2,0,0
13_14,0,0,0,0,0,0,1,1,2,1,0,2,0,1,1,1,2,2,0,2,1,1,5,3,3,2,3,3,6,3,2,3,3,5,4,0,1,0,1,5,2,4,1,2,9,5,2,7,3,3,1,2,3,0,0
13_15,0,0,0,0,0,0,1,3,3,8,1,2,2,1,3,1,2,2,2,4,2,3,4,4,2,1,2,2,1,2,1,2,1,1,2,3,4,2,1,1,0,2,1,5,3,2,1,3,3,2,1,3,2,0,0
13_16,0,0,0,0,1,0,1,2,0,1,2,4,1,1,3,4,0,8,5,1,8,3,11,16,5,4,10,7,3,5,6,4,1,3,6,4,4,1,4,9,7,5,7,10,9,15,9,10,4,7,8,7,12,3,0
13_17,0,0,1,0,1,0,6,5,7,10,8,11,5,8,10,11,12,14,13,16,18,13,14,12,19,11,21,22,35,32,30,30,38,43,34,32,38,39,57,44,49,35,46,49,56,39,29,30,43,26,31,33,29,3,0
13_18,1,1,0,3,0,2,45,48,67,42,27,32,33,37,42,45,48,42,46,42,33,55,38,48,34,18,26,26,33,34,16,21,21,13,21,21,21,23,15,12,19,21,19,27,20,18,20,17,12,15,18,13,19,1,0
13_19,0,0,0,0,0,0,3,1,7,1,0,0,0,0,2,1,3,2,1,2,1,3,0,2,1,1,2,0,2,1,0,0,2,1,1,0,0,1,2,1,4,2,2,1,2,2,2,0,0,0,1,3,2,0,0
13_20,0,0,0,0,0,0,0,0,0,0,0,0,0,0,0,0,0,0,0,0,0,0,0,0,0,0,0,0,0,0,0,0,0,0,0,0,0,0,0,0,0,0,0,0,0,0,0,0,0,0,0,0,0,0,0
13_21,0,0,0,0,0,0,0,0,0,0,0,0,0,0,0,0,0,0,0,0,0,0,0,0,0,0,0,0,0,0,0,0,0,0,0,0,0,0,0,0,0,0,0,0,0,0,0,0,0,0,0,0,0,0,0
13_22,0,0,0,0,0,0,0,0,0,0,0,0,0,0,0,0,0,0,0,0,0,0,0,0,0,0,0,0,0,0,0,0,0,0,0,0,0,0,0,0,0,0,0,0,0,0,0,0,0,0,0,0,0,0,0
13_23,1,1,0,0,1,2,50,46,56,23,11,13,13,20,16,27,27,23,24,22,15,20,21,24,14,2,9,10,13,14,11,4,3,12,16,13,5,7,7,1,2,0,2,1,4,0,3,2,5,10,12,13,33,4,0
13_24,0,0,0,0,0,0,1,3,3,9,8,12,9,12,21,11,22,20,17,23,22,22,23,26,28,16,25,24,37,38,21,22,32,26,21,22,30,25,35,30,37,37,37,50,37,33,39,28,32,20,25,28,18,3,0
13_25,0,0,0,3,0,0,4,7,22,21,17,21,16,14,19,22,13,22,21,13,18,27,16,24,17,16,24,21,21,20,17,27,24,20,23,19,24,28,34,31,36,22,31,31,42,36,16,25,19,16,14,13,10,0,0
13_26,0,0,0,0,0,0,0,0,0,1,1,1,1,0,1,1,1,1,2,1,1,1,2,1,0,0,1,0,0,0,0,1,0,0,1,1,1,1,0,1,0,0,1,1,0,1,0,0,0,1,0,0,0,0,0
13_27,0,0,0,0,0,0,0,0,0,0,0,0,0,0,0,0,0,0,0,0,0,0,0,0,0,0,0,0,1,0,2,0,3,2,1,1,3,2,0,0,0,0,1,2,0,3,0,1,0,0,3,0,1,0,0
13_28,0,0,0,0,0,0,0,0,0,0,0,0,0,0,0,0,0,0,1,2,1,1,0,0,0,0,0,0,1,0,1,1,0,0,0,1,0,0,2,2,4,3,2,2,4,1,2,1,3,1,4,2,0,0,0
13_29,0,0,1,0,1,0,0,0,0,0,0,0,0,0,0,0,0,0,0,0,3,3,1,3,0,0,0,0,0,0,0,0,0,0,0,0,0,1,0,1,0,1,0,0,0,0,0,0,0,0,0,0,0,0,0
13_30,0,0,0,0,0,0,0,0,0,0,0,0,0,0,0,0,0,0,0,0,0,0,0,0,0,0,0,0,0,0,0,0,0,0,0,0,0,0,0,0,0,0,0,0,0,0,0,0,0,0,0,0,0,0,0
13_31,0,0,0,0,0,0,0,0,0,0,0,0,0,0,0,0,0,0,0,0,1,0,0,2,0,1,0,0,1,3,0,0,0,0,1,0,0,0,0,0,2,0,0,2,0,1,4,1,0,0,1,1,1,0,0
13_32,0,0,0,0,0,0,0,0,0,0,0,0,0,0,0,0,0,0,0,0,0,0,0,0,0,0,0,0,0,0,0,0,0,0,0,0,0,0,0,0,0,0,0,0,0,0,0,0,0,0,0,0,0,0,0
14_0,0,0,0,0,0,0,1,1,1,0,0,1,1,1,0,1,0,2,1,0,2,5,3,4,0,1,2,2,1,3,1,1,0,2,0,0,0,2,1,2,1,2,3,4,1,2,4,1,0,3,1,0,0,2,0
14_1,0,0,0,1,0,0,0,0,1,2,1,0,1,0,1,0,1,0,7,1,1,0,0,0,0,0,1,3,1,0,0,6,0,2,0,0,2,1,3,0,1,1,2,2,0,2,0,1,1,0,0,1,2,1,0
14_2,3,2,0,1,2,2,17,15,14,14,17,22,22,26,22,22,24,21,24,22,20,18,24,15,15,17,18,14,22,19,28,20,13,23,17,11,22,11,22,16,21,22,26,15,15,27,18,25,15,24,25,21,26,1,0
14_3,2,0,3,2,1,6,20,15,23,17,33,36,32,27,45,49,65,44,56,38,47,55,46,32,41,29,51,37,38,36,43,31,47,43,39,20,33,23,35,34,47,34,58,33,36,42,25,37,23,43,36,30,32,10,0
14_4,0,1,1,2,2,8,19,14,20,18,23,25,34,23,35,42,42,48,38,36,38,34,41,35,39,23,31,22,38,39,38,25,30,37,35,34,28,20,19,22,34,24,46,21,26,20,32,32,23,20,39,22,38,6,0
14_5,2,1,1,4,1,4,33,27,40,37,44,34,43,40,60,56,60,43,57,50,48,49,42,44,42,27,39,38,45,48,35,36,34,48,44,36,37,15,31,41,46,32,62,38,30,61,31,48,38,30,52,27,34,19,0
14_6,0,0,0,0,0,0,27,21,22,26,32,46,35,35,26,37,51,42,35,30,34,38,45,35,38,20,35,23,39,31,31,27,34,31,25,33,54,22,33,28,38,26,46,28,27,36,32,37,25,33,31,30,35,9,0
14_7,0,0,0,2,1,1,12,10,12,19,19,26,23,25,32,38,33,40,27,39,23,39,30,26,23,17,21,14,20,14,27,17,16,32,18,21,21,15,34,17,20,17,23,15,24,23,27,32,21,30,32,25,16,15,0
14_8,0,0,0,0,0,0,0,0,1,1,0,0,0,0,3,1,1,1,0,0,0,0,0,2,0,2,2,2,2,1,2,0,0,0,0,0,0,0,0,1,0,0,0,0,0,0,0,0,0,0,0,1,0,0,0
14_9,0,0,0,0,0,0,1,0,2,0,2,0,0,1,0,1,2,3,6,4,2,1,1,4,4,3,3,1,1,3,2,2,1,2,1,1,0,0,1,0,0,0,2,0,0,0,2,0,0,0,0,0,0,0,0
14_10,1,1,2,0,2,3,10,6,9,16,13,19,15,21,22,17,21,21,19,28,33,21,20,14,21,14,17,12,14,10,8,10,7,11,7,16,14,8,11,18,11,11,16,13,21,15,14,13,9,16,14,17,15,9,0
14_11,0,0,0,1,1,0,11,7,11,19,12,8,8,14,21,10,23,10,16,23,32,21,22,17,19,12,35,21,26,17,25,19,31,32,25,17,20,15,21,19,22,16,21,29,16,26,19,22,25,22,20,22,13,10,0
14_12,1,1,0,2,1,1,5,6,7,7,6,9,9,5,14,10,8,7,11,12,6,4,11,9,9,6,11,8,17,5,15,6,10,16,12,9,20,5,12,13,11,18,11,8,12,8,13,17,13,8,17,6,17,8,0
14_13,0,0,0,0,0,0,13,4,5,2,7,6,8,9,6,4,12,7,13,8,13,9,7,10,5,5,2,3,5,6,7,6,6,10,5,12,10,7,10,10,13,8,6,7,17,9,15,4,13,9,13,6,9,6,0
14_14,0,0,0,1,0,0,7,4,7,9,6,14,14,6,18,14,12,13,11,21,7,11,5,14,14,9,8,9,7,11,11,5,6,11,15,8,7,5,8,9,10,8,12,7,16,8,12,13,9,8,13,7,8,0,0
14_15,0,0,0,0,1,0,6,4,11,8,14,8,8,12,17,11,16,10,11,16,9,10,14,6,9,6,9,6,10,11,9,9,15,8,9,10,15,7,10,11,6,6,10,5,6,7,10,7,6,5,14,8,14,7,0
14_16,0,0,0,3,6,2,11,11,25,44,29,36,35,45,62,73,74,75,91,74,93,71,55,36,64,46,48,51,59,64,76,48,55,82,69,37,50,22,42,36,56,41,50,25,48,43,34,35,21,30,26,16,19,4,0
14_17,5,4,6,7,1,5,40,31,40,38,49,46,53,37,65,57,50,50,62,61,44,52,43,35,40,28,42,40,56,40,63,51,63,64,42,52,48,37,50,41,58,43,71,59,48,73,81,64,61,58,73,39,60,19,0
14_18,4,2,1,6,5,18,129,91,121,113,151,172,164,163,195,180,244,184,177,192,177,190,211,192,175,111,194,122,169,148,141,117,127,158,138,139,182,97,157,161,165,140,218,139,145,167,134,184,136,157,205,165,178,79,0
14_19,0,0,0,0,0,0,2,1,0,0,0,0,1,0,0,3,3,3,2,1,1,2,2,4,0,6,1,2,2,2,2,4,5,4,3,0,3,0,2,3,2,1,5,2,6,3,5,6,3,6,3,3,2,1,0
14_20,0,0,0,0,0,0,0,0,0,0,0,0,0,0,0,0,0,0,0,0,0,0,0,0,0,0,0,0,0,0,0,0,0,0,0,0,0,0,0,0,0,0,0,0,0,0,0,0,0,0,0,0,0,0,0
14_21,0,0,0,0,0,0,0,0,0,0,0,0,0,0,0,0,0,0,0,0,0,0,0,0,0,0,0,0,0,0,0,0,0,0,0,0,0,0,0,0,0,0,0,0,0,0,0,0,0,0,0,0,0,0,0
14_22,0,0,0,0,0,0,0,0,0,0,0,0,0,0,0,0,0,0,0,0,0,0,0,0,0,0,0,0,0,0,0,0,0,0,0,0,0,0,0,0,0,0,0,0,0,0,0,0,0,0,0,0,0,0,0
14_23,0,0,0,0,0,0,0,2,3,2,2,5,1,3,1,1,2,2,1,1,0,7,0,3,2,3,4,3,6,3,3,9,2,6,0,0,2,1,2,5,5,9,3,6,6,4,4,8,27,47,76,52,86,52,0
14_24,7,6,4,11,7,17,73,82,113,103,157,168,185,186,227,193,255,196,205,211,203,194,179,171,175,121,187,136,192,171,153,139,153,193,165,167,195,106,159,151,169,136,175,143,156,199,155,193,140,136,172,123,135,39,0
14_25,2,0,3,5,4,6,101,41,55,76,64,62,55,44,86,107,109,97,119,107,103,106,120,85,91,61,81,73,84,71,121,68,87,103,77,55,76,41,75,71,98,75,155,67,77,72,80,80,48,56,48,43,33,9,0
14_26,0,0,0,0,0,0,1,1,1,2,0,3,5,1,1,3,0,2,0,0,1,0,2,1,1,0,4,0,1,0,2,2,0,2,1,1,0,0,2,3,0,1,1,2,0,3,2,3,4,3,0,0,1,0,0
14_27,0,0,0,0,1,0,4,4,3,7,3,6,4,3,4,4,2,9,1,7,2,4,6,3,5,2,3,1,1,4,1,2,4,1,5,1,6,4,4,4,5,2,5,3,1,4,6,1,1,6,2,3,1,2,0
14_28,0,0,0,0,0,0,0,2,4,2,1,5,2,6,1,4,1,6,3,2,2,3,3,4,5,2,4,0,2,2,1,0,2,0,1,3,4,1,8,5,4,1,5,2,5,2,1,4,0,2,4,0,1,1,0
14_29,0,0,0,0,0,2,3,2,7,3,2,5,1,2,2,1,2,0,3,0,4,1,1,0,0,2,2,2,0,3,1,0,2,3,3,1,0,3,1,2,0,1,0,2,2,2,6,0,1,1,3,1,2,0,0
14_30,0,0,0,0,0,0,0,0,0,0,0,0,0,0,0,0,0,0,0,0,0,0,0,0,0,0,0,0,0,0,0,0,0,0,0,0,0,0,0,0,0,0,0,0,0,0,0,0,0,0,2,1,0,0,0
14_31,0,0,0,0,0,0,0,0,0,1,1,1,6,0,5,1,5,6,1,3,2,1,3,3,1,0,0,2,3,7,3,5,3,3,3,1,4,2,2,0,1,3,2,3,1,1,1,3,2,1,3,0,2,0,0
14_32,1,1,2,2,3,1,4,0,2,0,1,2,0,6,3,2,2,2,0,1,1,1,2,1,2,1,2,0,0,2,2,1,4,0,0,3,2,0,1,2,1,2,2,4,1,0,1,4,1,2,1,2,1,0,4,1,1,3,2
15_0,0,0,0,0,0,0,0,0,1,0,1,0,1,0,1,1,1,0,2,1,0,0,1,0,5,1,1,1,1,1,0,3,0,1,0,2,1,0,2,0,0,0,1,1,0,5,0,0,0,2,0,1,0,0,0
15_1,0,0,0,0,0,0,1,0,0,1,0,1,1,0,0,0,0,0,0,3,1,0,0,2,1,2,2,2,0,2,2,0,3,0,1,2,2,0,0,0,0,1,0,0,0,0,0,0,0,0,0,0,0,0,0
15_2,2,3,1,3,1,5,6,7,7,2,6,6,5,1,2,4,5,5,15,9,19,11,15,12,12,8,2,6,2,7,8,3,11,8,5,13,2,8,11,4,8,4,5,5,8,8,5,4,8,1,5,6,5,1,0
15_3,5,3,8,4,7,7,10,15,3,16,12,3,16,11,13,6,11,9,16,13,13,10,5,14,14,5,11,9,6,11,7,7,15,15,4,13,2,2,11,5,5,4,3,5,9,2,11,8,6,7,7,8,4,0,0
15_4,2,0,3,1,2,1,6,4,13,6,11,4,12,9,14,8,14,8,22,14,20,14,13,14,16,9,15,13,13,8,6,10,7,18,11,11,7,8,8,14,6,9,7,9,13,7,10,16,10,11,15,8,11,4,0
15_5,5,6,5,9,11,12,13,14,9,19,11,5,15,7,5,7,15,9,20,8,18,12,17,13,15,9,9,11,12,9,14,6,9,16,9,13,14,16,12,9,17,8,13,13,13,18,9,8,12,12,17,10,11,4,0
15_6,3,1,7,7,4,11,5,10,12,16,16,6,12,12,9,9,11,7,10,4,5,9,3,5,9,5,6,5,6,9,7,9,9,16,9,13,10,5,12,10,10,12,9,10,4,13,10,12,6,5,10,8,8,2,0
15_7,1,1,2,2,2,4,3,3,5,5,5,4,7,2,8,8,6,7,3,7,10,7,8,5,9,3,13,7,6,5,2,3,3,4,2,4,2,4,3,3,5,2,5,2,5,7,3,2,3,3,7,4,3,1,0
15_8,0,1,0,0,0,0,1,0,0,0,0,0,1,1,0,1,0,1,1,0,0,1,0,0,0,0,0,0,0,0,0,0,0,0,1,0,1,1,0,1,0,0,1,0,1,1,1,2,0,1,1,0,0,0,0
15_9,0,0,1,0,2,0,0,2,0,0,0,0,0,0,0,0,0,0,0,0,0,0,0,0,0,0,0,0,0,1,0,0,1,0,0,1,0,0,0,2,1,1,0,0,0,0,0,0,0,0,1,1,2,0,0
15_10,1,0,1,1,0,4,2,2,1,3,3,2,2,1,0,3,0,3,6,3,1,2,2,1,1,4,3,4,5,5,6,5,7,8,2,4,4,0,3,1,5,3,4,1,8,6,3,4,1,2,6,1,2,0,0
15_11,3,1,2,1,4,0,3,2,5,2,7,0,6,2,5,2,4,6,3,4,2,6,4,0,2,2,4,9,3,6,4,7,5,4,8,2,6,6,8,5,7,6,9,4,6,2,4,3,3,4,4,5,9,1,0
15_12,0,1,3,2,1,3,4,5,8,3,6,4,4,3,5,3,6,1,5,0,3,1,2,2,5,0,6,3,0,2,1,2,2,3,3,3,4,1,1,3,3,2,4,1,2,1,3,1,5,1,4,2,2,1,0
15_13,1,2,2,0,2,6,4,2,4,3,2,7,3,1,4,7,3,5,2,5,2,2,3,3,4,3,3,3,3,2,2,2,1,2,3,3,2,1,2,3,2,0,2,3,3,1,3,2,5,2,1,1,6,0,0
15_14,0,2,0,3,3,0,8,2,4,2,2,1,3,1,2,2,3,1,4,4,2,2,1,0,2,1,1,0,2,4,2,0,1,2,1,2,1,2,2,1,2,1,1,1,1,1,4,1,1,3,2,4,4,1,0
15_15,1,0,1,2,1,1,1,1,1,1,0,1,3,4,3,6,4,3,3,3,2,7,3,2,4,2,3,1,1,2,3,2,1,1,1,3,4,1,0,2,5,0,3,1,5,0,3,0,4,2,1,1,4,2,0
15_16,1,1,1,1,3,0,1,4,3,2,2,2,4,4,5,2,6,2,12,2,9,9,4,7,14,6,3,4,2,13,9,7,8,7,5,9,7,7,5,5,3,3,5,9,5,13,2,4,3,2,5,3,4,0,0
15_17,15,15,25,21,22,26,29,22,32,28,43,19,45,17,38,31,30,30,38,28,24,38,22,14,26,22,34,32,29,35,24,28,34,29,22,31,26,21,29,31,45,29,38,33,36,46,41,39,34,25,38,25,29,4,0
15_18,8,5,10,13,14,28,37,39,38,46,37,22,40,33,28,33,47,33,60,47,65,37,50,51,57,25,39,36,29,25,30,24,33,59,32,46,29,24,41,24,28,19,23,12,34,12,22,18,25,25,37,32,35,12,0
15_19,0,0,0,0,1,0,0,4,0,3,0,1,2,1,0,1,0,0,2,1,0,0,1,1,2,1,3,2,0,1,1,0,0,3,1,3,0,3,0,3,0,2,1,2,3,1,4,2,2,4,1,0,3,1,0
15_20,0,0,0,0,0,0,0,0,0,0,0,0,0,0,0,0,0,0,0,0,0,0,0,0,0,0,0,0,0,0,0,0,0,0,0,0,0,0,0,0,0,0,0,0,0,0,0,0,0,0,0,0,0,0,0
15_21,0,0,0,0,0,0,0,0,0,0,0,0,0,0,0,0,0,0,0,0,0,0,0,0,0,0,0,0,0,0,0,0,0,0,0,0,0,0,0,0,0,0,0,0,0,0,0,0,0,0,0,0,0,0,0
15_22,0,0,0,0,0,0,0,0,0,0,0,0,0,0,0,0,0,0,0,0,0,0,0,0,0,0,0,0,0,0,0,0,0,0,0,0,0,0,0,0,0,0,0,0,0,0,0,0,0,0,0,0,0,0,0
15_23,4,4,6,6,7,7,10,13,15,16,22,12,24,11,20,11,26,21,41,40,29,33,30,19,26,8,22,17,22,26,15,19,29,44,34,37,29,28,23,25,38,19,23,17,18,16,13,8,20,20,21,30,28,7,0
15_24,10,9,16,14,19,26,31,29,31,31,39,13,42,17,31,30,30,33,34,21,29,32,31,27,35,25,37,34,16,28,24,14,19,10,9,11,19,10,16,17,10,19,21,16,17,21,11,14,14,15,31,19,19,4,0
15_25,8,6,12,14,12,21,23,26,21,30,18,17,23,26,18,23,24,10,36,16,39,17,15,26,36,20,14,19,20,20,22,25,27,41,17,39,13,14,36,20,27,15,23,23,41,32,40,41,25,20,26,10,22,6,0
15_26,0,0,0,1,0,0,1,0,1,1,0,1,1,0,1,0,1,0,0,0,0,0,1,0,1,0,0,1,0,0,0,1,0,1,0,0,1,0,0,0,0,0,0,0,0,0,0,0,2,0,2,1,1,0,0
15_27,2,1,1,0,1,0,1,1,3,0,1,1,1,0,0,1,0,1,1,0,0,1,0,1,0,0,3,2,1,0,2,0,0,0,0,1,0,1,0,0,0,0,0,0,0,0,0,0,1,0,1,0,0,0,0
15_28,0,0,1,0,0,0,1,0,2,0,0,0,0,0,1,0,1,0,0,0,1,0,0,0,1,0,2,1,0,0,0,0,0,1,0,1,0,2,0,1,1,0,0,0,1,1,2,0,1,1,0,0,1,0,0
15_29,0,1,0,0,1,0,0,0,0,1,2,0,0,1,0,2,1,0,0,1,0,1,0,0,0,1,1,0,1,0,1,0,0,1,0,0,0,0,0,0,0,0,0,0,1,2,3,0,1,0,0,0,0,0,0
15_30,0,0,0,0,0,0,0,0,0,0,0,0,0,0,0,0,0,0,0,0,0,0,0,0,0,0,0,0,0,0,0,0,0,0,0,0,0,0,0,0,0,0,0,0,0,0,0,0,0,0,0,0,0,0,0
15_31,0,0,0,0,0,0,0,0,0,0,0,0,0,0,2,0,0,0,2,0,2,1,0,0,1,1,5,1,0,2,1,0,1,0,0,0,0,1,1,1,0,0,0,1,1,0,0,0,0,0,0,0,0,0,0
15_32,0,0,0,0,0,0,0,0,0,0,0,0,1,0,0,1,0,0,0,0,0,0,0,1,0,0,1,0,0,0,0,0,0,0,0,1,0,0,0,0,0,0,0,1,0,0,0,0,0,0,0,0,0,0,1
16_0,2,1,1,1,0,0,2,3,0,2,2,1,2,2,3,0,1,1,5,0,2,3,0,2,5,0,6,1,2,4,0,2,1,5,3,2,0,0,1,2,5,0,1,3,2,6,2,4,0,2,0,0,0,0,0
16_1,1,0,1,0,0,1,2,3,2,2,3,0,2,2,5,2,2,2,7,2,5,0,4,4,5,2,2,3,3,2,8,7,4,2,4,6,4,1,3,1,1,2,3,1,0,1,3,0,0,3,3,2,3,1,0
16_2,2,4,7,9,2,7,17,36,25,31,39,38,44,47,35,39,40,45,45,43,40,51,49,57,57,42,40,40,43,47,43,36,33,39,46,42,56,35,47,39,50,48,50,38,38,52,38,36,43,44,44,41,39,21,0
16_3,5,3,16,17,14,34,67,107,86,68,108,64,61,115,99,87,95,90,113,101,114,109,88,106,91,74,106,103,93,84,88,103,78,102,93,103,123,64,95,110,117,103,104,121,114,147,94,109,94,111,103,99,95,35,1
16_4,7,7,14,13,14,26,43,68,76,62,94,78,69,104,87,93,87,107,108,112,101,119,114,114,117,95,112,97,125,76,119,94,108,95,122,100,138,86,134,100,161,140,130,126,122,166,125,121,115,104,106,99,123,51,0
16_5,5,8,15,19,15,31,43,68,72,71,91,75,94,112,109,117,123,97,157,132,113,141,115,130,144,111,134,101,165,125,110,139,98,137,130,115,150,81,155,121,162,124,157,127,140,172,121,150,124,131,151,123,131,49,0
16_6,3,1,8,7,9,21,40,60,61,56,76,70,65,71,96,89,87,87,122,120,114,115,94,98,120,95,109,101,113,97,121,107,103,109,124,108,134,64,114,104,128,94,120,130,110,140,118,110,110,114,116,121,126,50,0
16_7,6,3,8,10,8,21,41,40,46,49,46,51,51,44,67,49,62,55,78,54,52,63,60,68,64,55,60,48,62,56,54,59,39,61,73,67,72,55,51,82,73,70,76,66,84,100,76,81,66,82,78,73,66,29,0
16_8,0,0,0,0,1,0,1,1,1,3,0,0,6,2,2,1,0,2,2,0,3,1,0,4,3,0,0,1,2,0,2,0,0,1,1,1,3,1,1,1,3,0,2,1,4,0,0,0,2,1,0,0,1,0,0
16_9,0,2,0,0,0,1,0,2,0,2,3,4,3,1,4,3,1,4,1,2,1,5,2,0,3,2,0,5,1,2,3,2,2,5,4,2,7,5,2,2,6,6,2,2,3,3,2,2,0,2,2,2,4,1,0
16_10,1,1,0,5,2,9,18,21,26,17,21,33,23,20,37,19,31,30,26,28,21,31,28,38,38,37,37,42,45,33,35,37,28,30,40,30,35,29,30,29,42,28,34,40,34,44,37,37,31,52,45,43,43,17,0
16_11,2,1,5,18,7,16,27,28,37,28,28,40,40,43,52,53,56,52,54,64,54,66,56,52,68,49,63,62,65,60,71,74,58,54,59,67,74,38,52,47,75,69,59,70,62,68,60,59,51,58,62,79,76,22,0
16_12,1,1,3,5,3,12,18,20,20,23,21,27,22,28,36,29,32,36,43,44,43,36,41,38,40,27,33,30,36,30,26,28,25,37,34,36,49,22,29,20,48,22,41,42,38,51,34,39,44,40,36,40,36,16,0
16_13,1,2,2,4,1,12,12,16,18,21,14,24,21,16,20,22,23,20,22,26,25,16,23,20,20,23,19,24,24,19,16,22,24,30,34,20,29,13,27,25,23,23,23,25,24,38,35,28,35,40,37,38,40,15,0
16_14,1,2,3,5,3,8,10,23,22,22,20,26,25,32,32,25,27,27,31,26,25,18,28,27,17,18,20,19,27,19,28,27,25,26,30,25,30,21,24,17,31,24,33,12,31,44,35,28,37,23,34,25,34,8,0
16_15,0,0,3,5,4,13,15,22,12,23,20,23,23,25,32,29,31,32,29,30,24,43,32,29,36,22,30,21,31,23,24,24,22,21,24,25,27,17,19,20,41,35,32,26,25,25,31,27,27,24,17,30,23,21,0
16_16,1,10,36,76,30,89,140,194,186,176,190,173,147,167,208,196,236,277,286,307,277,321,343,318,342,309,352,306,319,191,171,94,81,76,161,63,128,13,92,50,173,152,99,96,82,181,96,93,73,72,87,136,163,18,0
16_17,11,4,10,10,12,46,123,179,174,133,228,175,148,209,228,199,140,153,171,117,113,154,114,159,170,121,163,152,178,199,274,322,281,313,238,278,342,215,305,202,238,159,203,230,250,353,279,331,303,296,263,258,231,115,0
16_18,25,22,38,31,39,76,83,126,135,161,155,196,243,266,270,244,308,245,373,344,340,327,264,299,308,217,241,233,333,279,293,330,269,357,411,399,448,297,380,460,544,467,555,491,493,507,429,400,396,448,472,405,438,193,1
16_19,0,0,2,1,2,1,10,19,9,10,13,10,13,22,10,18,14,12,13,16,7,15,13,11,8,5,15,7,7,8,10,15,17,8,11,9,13,7,7,8,11,10,10,13,6,16,7,7,7,15,12,16,8,10,0
16_20,0,0,0,0,0,0,0,0,0,0,0,0,0,0,0,0,0,0,0,0,0,0,0,0,0,0,0,0,0,0,0,0,0,0,0,0,0,0,0,0,0,0,0,0,0,0,0,0,0,0,0,0,0,0,0
16_21,0,0,0,0,0,0,0,0,0,0,0,0,0,0,0,0,0,0,0,0,0,0,0,0,0,0,0,0,0,0,0,0,0,0,0,0,0,0,0,0,0,0,0,0,0,0,0,0,0,0,0,0,0,0,0
16_22,0,0,0,0,0,0,0,0,0,0,0,0,0,0,0,0,0,0,0,0,0,0,0,0,0,0,0,0,0,0,0,0,0,0,0,0,0,0,0,0,0,0,0,0,0,0,0,0,0,0,0,0,0,0,0
16_23,2,2,5,12,2,28,57,40,38,30,22,22,24,39,38,45,54,57,71,86,62,91,76,72,70,55,54,40,57,45,60,67,61,83,101,90,164,41,112,88,182,134,121,114,101,159,105,105,113,140,179,217,319,189,0
16_24,17,12,36,48,38,89,119,208,242,210,271,277,280,328,372,332,368,360,428,422,386,436,353,411,431,349,415,384,455,353,400,423,336,360,404,341,400,251,357,337,410,338,409,418,429,532,438,444,416,458,438,412,354,101,1
16_25,14,19,32,43,36,78,130,214,179,196,257,202,204,246,238,223,219,220,286,221,248,232,258,256,268,210,250,232,268,233,252,224,210,259,276,276,316,205,282,265,327,263,286,266,266,313,229,232,218,197,180,159,140,38,0
16_26,0,1,0,1,0,2,5,3,9,9,3,8,5,8,7,11,8,7,10,10,9,8,4,11,9,4,10,10,12,14,9,7,3,3,0,1,4,3,2,1,5,7,6,1,6,4,3,10,2,9,2,4,2,1,0
16_27,1,1,1,3,2,6,9,12,9,6,7,10,10,13,13,10,9,7,11,9,4,8,8,5,11,10,16,8,13,6,11,9,4,8,7,9,4,8,9,8,11,13,4,7,9,8,8,8,6,5,9,3,3,2,0
16_28,3,1,7,5,4,5,21,27,21,17,13,23,23,25,28,23,25,22,25,29,18,38,21,23,32,16,19,17,18,16,11,14,24,31,26,29,30,16,15,14,22,28,34,20,16,31,23,24,14,14,19,14,15,3,0
16_29,0,0,5,6,1,4,15,14,6,12,13,12,5,5,20,13,15,14,12,7,10,4,14,9,7,8,4,7,11,10,5,11,10,10,7,3,13,8,7,7,9,5,7,2,4,6,5,4,5,7,2,3,4,1,0
16_30,0,0,0,0,0,0,0,0,0,0,0,0,0,0,0,0,0,0,0,0,0,0,0,0,0,0,3,0,3,0,0,6,0,0,0,0,0,0,0,0,0,0,0,2,0,4,0,4,5,1,5,3,3,1,0
16_31,0,0,0,3,0,2,0,4,1,9,2,2,6,7,2,8,7,8,4,8,6,9,2,11,4,3,6,2,9,8,4,10,4,13,6,11,10,4,14,6,10,10,8,13,5,15,9,4,6,5,3,4,3,2,0
16_32,12,3,4,4,5,8,5,5,0,0,4,2,4,7,5,8,2,0,0,0,0,0,0,0,0,0,0,0,1,0,0,0,0,0,0,0,5,2,4,2,3,1,1,0,0,0,0,0,0,0,0,0,0,0,0
17_0,0,0,0,0,0,0,0,0,0,0,1,1,1,1,1,0,0,0,0,1,0,1,0,0,0,0,0,0,2,1,1,4,0,1,2,0,3,0,0,0,0,0,0,1,2,1,2,1,0,1,0,0,1,0,0
17_1,0,0,0,0,0,0,1,0,0,2,0,0,1,2,0,3,1,0,3,3,1,0,0,1,3,0,0,0,0,0,1,1,0,0,1,0,0,1,0,1,2,0,2,2,1,1,0,0,0,4,0,1,2,0,0
17_2,0,0,0,0,0,0,9,8,15,15,22,22,30,30,38,26,34,27,24,30,36,18,28,25,36,24,32,24,28,33,27,28,32,28,26,15,41,23,34,28,35,34,36,27,26,33,29,22,34,30,33,27,24,11,0
17_3,0,0,0,1,0,0,24,18,46,39,43,46,65,61,60,60,61,57,48,60,60,62,72,43,87,59,78,63,77,63,63,66,59,57,77,42,80,48,63,72,80,63,68,86,70,86,74,58,74,68,63,65,69,21,0
17_4,0,0,1,0,2,2,26,48,53,63,71,62,105,93,120,113,99,90,129,106,106,108,101,77,106,101,105,99,113,100,114,103,90,102,88,81,113,71,98,101,104,98,109,101,98,97,127,81,98,115,87,78,112,36,0
17_5,0,0,0,0,0,1,52,59,73,91,90,109,154,147,166,168,150,170,158,173,193,146,186,104,191,146,186,149,175,168,164,170,136,178,154,104,227,136,160,159,164,156,156,150,143,147,144,98,165,149,151,126,160,71,0
17_6,0,0,0,0,0,2,49,56,87,89,79,81,143,136,150,144,144,133,146,136,143,141,148,99,162,109,142,124,137,142,130,143,123,162,119,95,177,102,114,137,162,128,124,133,151,185,145,105,149,164,160,133,139,67,0
17_7,0,0,0,0,0,1,45,61,64,79,77,92,119,133,155,119,136,137,147,155,133,131,159,96,177,124,148,129,146,138,142,121,131,141,131,109,161,94,137,117,148,122,127,123,126,156,142,110,142,135,120,118,123,45,0
17_8,0,0,0,0,0,0,0,1,0,0,0,0,0,0,1,1,0,0,0,3,0,0,0,1,1,1,0,0,1,0,0,0,1,1,1,0,1,0,0,0,2,0,1,0,0,0,1,0,1,0,0,1,0,1,0
17_9,0,0,0,0,0,0,0,1,1,0,1,0,1,0,1,0,1,2,2,4,0,1,2,1,1,0,1,1,0,3,1,1,1,2,3,1,3,0,0,2,1,1,0,1,1,1,1,1,2,0,4,7,6,1,0
17_10,0,0,0,0,0,0,5,11,9,11,10,14,15,19,16,18,19,15,25,16,23,23,21,14,20,8,16,19,9,15,12,23,15,25,14,19,23,11,15,14,20,16,24,15,7,16,21,9,20,13,12,9,23,12,0
17_11,0,0,0,0,0,0,11,13,12,18,17,19,26,26,26,22,24,24,35,23,38,30,36,20,31,19,39,23,27,24,32,27,20,26,28,10,31,17,23,25,30,23,21,25,26,36,31,18,32,24,24,24,19,12,0
17_12,0,0,0,0,0,0,6,11,13,13,14,12,18,21,22,26,35,19,26,30,35,20,23,17,23,17,35,26,23,19,22,31,19,20,16,17,20,12,14,16,26,22,25,23,17,22,26,17,17,21,24,19,18,10,0
17_13,0,0,0,0,0,1,11,16,24,23,15,11,32,24,41,29,27,31,32,24,32,32,28,12,35,16,24,23,23,26,28,26,32,30,45,25,44,22,34,31,31,33,32,26,30,31,31,20,29,30,22,19,25,15,0
17_14,0,0,0,0,0,1,11,18,17,16,24,23,37,27,49,34,46,32,43,41,43,33,39,21,58,34,40,39,37,49,51,38,41,40,48,28,69,28,38,35,36,30,22,45,26,42,28,39,38,40,51,31,48,18,0
17_15,0,0,0,0,0,0,23,25,35,37,34,37,62,51,58,51,59,71,61,70,72,51,69,37,66,56,68,45,52,77,64,53,65,55,65,44,86,38,47,50,57,50,64,49,46,65,50,47,73,60,65,60,63,21,0
17_16,0,0,0,0,0,0,3,2,4,6,4,3,6,4,4,7,4,6,1,1,1,2,3,4,5,1,1,0,5,3,3,5,3,3,1,2,5,5,3,1,10,2,8,5,3,3,1,8,5,11,15,3,3,2,0
17_17,0,0,1,1,1,7,214,274,326,357,349,368,567,561,653,555,521,490,593,556,577,523,582,333,629,457,572,482,558,532,585,551,495,572,542,412,736,390,509,551,587,520,538,542,524,603,596,407,560,550,527,448,491,241,0
17_18,0,0,0,0,0,1,51,60,109,122,137,149,223,199,235,239,301,301,273,304,321,261,320,223,344,240,320,269,271,300,250,264,261,282,259,157,325,197,249,222,276,238,249,239,227,300,243,200,287,270,259,250,313,94,0
17_19,0,0,0,0,1,0,5,10,10,11,8,9,13,7,12,13,10,11,12,14,16,11,7,8,19,16,21,13,16,23,14,15,6,11,16,19,13,11,16,14,25,16,16,21,16,13,12,11,22,23,15,17,25,4,0
17_20,0,0,0,0,0,0,0,0,0,0,0,0,0,0,0,0,0,0,0,0,0,0,0,0,0,0,0,0,0,0,0,0,0,0,0,0,0,0,0,0,0,0,0,0,0,0,0,0,0,0,0,0,0,0,0
17_21,0,0,0,0,0,0,0,0,0,0,0,0,0,0,0,0,0,0,0,0,0,0,0,0,0,0,0,0,0,0,0,0,0,0,0,0,0,0,0,0,0,0,0,0,0,0,0,0,0,0,0,0,0,0,0
17_22,0,0,0,0,0,0,0,0,0,0,0,0,0,0,0,0,0,0,0,0,0,0,0,0,0,0,0,0,0,0,0,0,0,0,0,0,0,0,0,0,0,0,0,0,0,0,0,0,0,0,0,0,0,0,0
17_23,0,0,0,0,1,0,19,14,10,2,0,0,0,0,0,0,0,0,0,6,0,1,0,2,4,1,4,0,2,1,6,8,1,5,6,4,4,2,11,13,16,8,14,11,14,12,15,13,43,82,125,100,146,149,0
17_24,0,0,1,1,0,4,170,212,299,324,339,387,620,615,696,657,670,634,700,694,737,637,707,463,773,573,707,591,669,667,675,652,591,657,646,457,821,483,581,608,710,599,614,614,597,713,639,470,661,604,566,497,551,138,0
17_25,0,0,0,0,1,4,70,103,118,145,140,115,151,123,159,127,127,138,146,139,135,134,164,82,178,105,152,139,143,156,137,143,145,163,135,104,213,93,157,145,141,130,145,156,135,158,167,115,142,130,110,106,112,33,0
17_26,0,0,0,0,0,0,4,4,8,7,9,8,10,13,22,10,17,14,6,5,11,5,6,4,6,7,5,8,5,6,5,10,6,8,4,4,8,4,6,4,2,1,4,2,3,2,3,2,3,5,1,3,2,1,0
17_27,0,0,0,0,0,0,8,11,11,13,8,13,20,15,22,12,10,11,20,19,13,8,15,8,26,12,21,14,19,15,9,11,7,19,12,11,16,11,10,10,14,13,28,11,12,16,13,15,14,22,11,7,12,14,0
17_28,0,0,0,0,0,0,0,0,0,2,1,4,4,3,3,5,3,5,7,9,9,4,6,2,4,7,9,7,3,4,5,2,4,5,5,6,3,4,3,3,3,5,2,2,0,5,7,4,6,5,2,3,2,3,0
17_29,0,0,0,0,0,0,2,2,3,3,1,2,4,2,2,3,9,6,0,3,10,8,14,7,6,9,16,5,9,8,15,9,11,11,10,4,11,4,6,4,4,4,1,6,6,10,5,3,4,2,1,2,7,3,0
17_30,0,0,0,0,0,0,0,0,0,0,0,0,0,0,0,0,0,0,0,0,0,0,0,0,0,0,0,0,0,1,0,0,0,0,0,0,3,2,3,1,8,16,3,5,3,3,3,4,1,4,0,0,0,0,0
17_31,0,0,0,0,0,0,2,1,3,5,4,6,7,16,15,16,22,12,19,15,10,14,16,6,11,12,16,9,10,20,17,11,16,16,11,9,12,9,10,8,16,14,7,16,15,20,13,10,14,10,9,9,12,5,0
17_32,5,7,5,4,3,5,3,5,11,3,0,0,6,6,6,8,5,8,8,4,6,3,5,3,11,5,7,15,7,5,0,9,13,8,5,5,7,4,7,6,5,16,4,8,6,10,5,12,14,9,3,4,2,7,4,3,6,6,7,6
18_0,0,0,0,0,0,0,0,1,1,1,0,2,0,0,1,0,1,0,0,0,1,0,2,1,1,5,4,3,3,2,4,6,3,6,3,3,5,2,2,5,3,3,5,1,6,2,5,3,4,0,3,4,1,1,0
18_1,0,0,0,0,0,0,0,3,1,0,3,1,1,1,2,1,5,0,5,7,10,3,9,5,5,5,6,6,1,3,3,3,6,2,1,0,2,2,2,0,0,3,0,1,0,1,1,1,3,1,2,0,0,2,0
18_2,0,0,0,0,0,0,19,9,22,19,28,39,35,35,48,47,39,35,29,32,26,35,28,35,35,20,33,26,28,26,33,31,28,32,27,24,40,20,32,30,20,25,26,29,25,25,28,34,23,23,20,22,22,23,0
18_3,0,0,0,0,0,2,12,27,25,41,32,46,42,41,51,61,46,54,45,54,51,42,64,47,44,41,47,53,53,41,54,55,44,61,42,49,65,45,62,61,63,47,75,61,54,47,56,38,40,43,29,40,38,32,0
18_4,0,0,0,0,0,1,30,24,36,51,47,59,43,49,73,58,61,52,44,55,48,59,56,56,44,34,53,52,55,57,60,61,53,66,65,60,71,45,57,54,62,57,63,64,77,68,79,65,54,64,71,56,49,32,0
18_5,0,0,0,0,0,4,27,35,49,48,71,62,69,75,94,83,105,104,99,129,116,90,121,102,102,68,111,88,108,95,92,105,95,95,98,82,105,74,112,74,111,82,105,113,97,98,95,79,73,103,96,87,97,51,0
18_6,0,0,0,0,0,1,17,18,25,24,36,39,39,40,58,49,61,47,56,48,58,53,62,35,63,47,69,49,66,52,60,66,54,59,54,49,69,55,59,66,75,50,88,67,59,67,78,67,66,68,73,69,63,43,0
18_7,0,0,0,0,0,0,11,8,15,16,16,22,18,27,44,27,38,40,30,32,39,32,30,27,30,26,28,27,29,27,23,29,32,29,33,33,50,43,46,47,57,43,46,44,36,45,46,48,35,34,45,39,39,21,0
18_8,0,0,0,0,0,0,0,0,0,0,0,0,0,0,0,1,0,0,0,0,1,1,1,1,3,1,1,3,1,4,2,4,3,4,4,3,5,1,2,2,2,2,1,0,1,0,0,1,0,0,0,0,0,0,0
18_9,0,0,0,0,0,0,2,1,1,3,1,2,3,4,3,4,4,2,7,8,2,2,4,1,3,3,10,2,4,2,3,7,5,4,4,2,7,1,3,2,2,2,3,1,2,2,1,2,1,3,1,1,0,2,0
18_10,0,0,0,0,0,0,7,12,13,15,13,21,18,28,19,17,22,18,25,29,27,20,27,21,37,18,28,26,26,27,29,30,25,25,30,26,28,20,23,20,28,23,26,35,19,34,22,28,17,22,15,26,19,15,0
18_11,0,0,0,0,0,0,7,10,18,24,25,34,31,33,34,45,39,29,31,34,22,26,38,23,28,30,30,38,36,33,39,46,33,46,28,37,32,36,34,39,35,36,39,41,29,37,46,28,28,31,25,27,33,17,0
18_12,0,0,0,0,0,0,6,5,2,6,5,10,3,9,15,14,18,11,17,18,9,19,18,13,14,13,13,12,11,10,10,9,11,12,9,11,15,12,17,10,16,9,16,22,13,17,18,20,16,24,20,25,26,18,0
18_13,0,0,0,0,0,0,4,3,12,14,17,19,10,21,23,19,17,13,24,15,14,11,16,13,16,10,17,14,16,23,9,23,11,20,13,21,24,12,19,17,24,15,15,20,18,13,23,12,17,16,22,21,18,6,0
18_14,0,0,0,0,0,0,1,2,8,11,13,17,6,11,11,15,13,22,8,17,19,20,13,15,19,7,12,19,15,11,11,9,14,13,11,12,11,8,16,18,21,9,24,16,16,20,18,10,12,13,14,14,21,7,0
18_15,0,0,0,0,0,0,7,12,14,21,19,15,20,16,21,16,22,20,18,20,21,19,18,10,17,8,12,13,17,8,16,13,14,21,22,12,25,15,22,24,18,16,15,21,13,11,15,9,11,9,10,11,16,6,0
18_16,0,0,0,0,0,3,30,36,46,58,66,76,70,69,119,95,119,126,122,136,106,117,126,115,114,73,86,81,72,80,76,106,90,102,84,88,123,83,91,99,94,82,91,90,66,80,82,84,82,66,75,80,77,43,0
18_17,0,0,0,0,0,5,103,120,155,194,230,267,226,285,338,322,327,297,289,335,336,302,371,282,336,256,375,335,378,326,356,367,323,368,313,296,364,255,346,322,381,300,403,396,354,384,424,333,283,351,323,306,305,218,0
18_18,0,0,0,0,0,0,16,14,41,39,30,44,42,34,34,38,41,23,21,22,20,12,10,7,8,4,8,14,12,13,15,22,13,23,43,34,64,49,68,44,56,37,50,46,40,19,22,23,33,36,46,52,59,14,0
18_19,0,0,0,0,0,0,1,0,0,3,0,1,0,2,6,2,4,1,6,5,2,1,0,1,3,3,5,1,7,2,1,2,5,2,4,6,3,4,3,4,6,3,3,4,5,4,3,5,2,1,2,4,1,1,0
18_20,0,0,0,0,0,0,0,0,0,0,0,0,0,0,0,0,0,0,0,0,0,0,0,0,0,0,0,0,0,0,0,0,0,0,0,0,0,0,0,0,0,0,0,0,0,0,0,0,0,0,0,0,0,0,0
18_21,0,0,0,0,0,0,0,0,0,0,0,0,0,0,0,0,0,0,0,0,0,0,0,0,0,0,0,0,0,0,0,0,0,0,0,0,0,0,0,0,0,0,0,0,0,0,0,0,0,0,0,0,0,0,0
18_22,0,0,0,0,0,0,0,0,0,0,0,0,0,0,0,0,0,0,0,0,0,0,0,0,0,0,0,0,0,0,0,0,0,0,0,0,0,0,0,0,0,0,0,0,0,0,0,0,0,0,0,0,0,0,0
18_23,0,0,0,0,0,1,33,21,33,24,38,55,40,31,36,39,30,31,40,50,23,27,17,17,12,6,9,10,6,0,3,8,3,4,2,1,2,1,3,2,2,7,3,6,7,1,6,2,8,13,33,32,42,41,0
18_24,0,0,0,0,0,4,62,89,116,155,161,209,189,237,301,273,298,283,249,285,284,248,293,213,253,176,277,218,287,235,258,280,247,283,239,240,278,227,264,267,272,235,300,332,285,291,329,272,264,308,269,273,256,162,0
18_25,0,0,0,0,0,1,50,45,77,98,107,114,99,109,144,129,142,115,129,145,137,139,173,153,168,135,168,168,145,162,163,183,159,178,182,164,242,149,218,183,238,154,220,166,151,164,176,149,118,119,126,115,128,64,0
18_26,0,0,0,0,0,0,0,4,1,4,3,2,2,5,2,3,2,4,3,3,6,3,6,6,6,4,1,6,4,4,2,4,1,5,0,1,1,2,3,1,4,3,4,4,3,2,2,2,1,1,2,2,0,1,0
18_27,0,0,0,0,0,0,2,5,3,8,6,2,3,5,4,4,4,8,2,4,8,4,6,6,7,7,4,8,13,3,9,5,6,11,5,9,13,3,8,7,4,10,1,4,6,2,7,4,4,6,2,6,6,3,0
18_28,0,0,0,0,0,2,2,2,9,3,5,2,3,2,5,5,7,4,13,8,4,6,8,8,11,6,13,20,13,15,9,13,11,11,14,7,15,9,9,6,12,7,13,19,12,16,11,12,5,7,9,9,6,3,0
18_29,0,0,0,0,0,0,1,4,3,2,6,4,2,1,5,4,8,2,2,3,2,5,4,2,4,2,2,1,1,2,4,4,4,3,2,2,2,0,1,1,5,5,6,5,1,5,0,2,0,0,2,1,4,0,0
18_30,0,0,0,0,0,0,0,0,0,0,0,0,0,0,0,0,0,0,0,0,0,0,0,0,0,0,0,0,0,0,0,0,0,0,0,0,1,0,2,2,0,1,0,0,0,6,0,2,0,0,3,4,0,2,0
18_31,0,0,0,0,0,0,2,0,1,4,1,2,2,3,1,6,4,12,4,3,5,3,4,4,5,5,3,1,6,2,4,6,2,5,5,5,7,6,5,8,4,5,2,2,3,3,3,2,0,5,1,2,2,4,0
18_32,1,1,2,1,1,5,0,2,0,2,0,1,3,1,3,4,3,0,1,0,2,1,3,1,1,1,2,1,1,1,2,7,1,3,1,0,3,0,4,5,4,4,2,4,2,1,0,0,0,5,4,1,3,2,3,2,6,2
19_0,0,0,0,0,0,0,0,0,0,0,0,0,0,0,0,0,0,1,1,0,0,2,0,0,0,0,0,0,0,0,0,0,0,0,0,0,0,0,0,0,0,0,0,0,0,0,0,0,0,0,0,0,0,0,0
19_1,0,0,0,0,0,0,0,1,1,1,0,0,0,0,0,0,0,0,0,0,0,0,0,0,0,0,0,0,0,0,0,0,0,1,0,0,0,0,0,1,0,0,0,0,0,0,0,1,0,1,0,1,0,0,0
19_2,0,0,0,0,0,0,0,1,1,2,1,3,3,3,7,4,2,6,2,3,2,4,4,2,5,1,3,4,1,6,7,5,5,2,2,3,5,1,6,3,3,3,5,2,3,2,4,1,2,3,1,1,2,0,0
19_3,0,0,0,0,0,0,3,3,2,3,5,6,7,8,6,9,10,4,5,3,8,5,7,10,5,5,3,9,2,9,10,4,7,11,4,10,5,3,2,13,7,3,6,9,10,7,4,5,4,6,5,4,2,4,0
19_4,0,0,0,0,0,0,0,1,3,3,2,5,1,7,5,5,3,0,4,5,1,5,6,9,5,3,5,3,1,1,7,6,4,2,10,4,6,2,6,2,8,2,4,1,6,3,4,2,4,7,4,6,2,3,0
19_5,0,0,0,0,0,1,0,2,5,2,8,3,5,4,7,7,8,8,7,6,4,6,4,4,6,2,4,8,4,7,5,5,3,11,9,6,5,5,12,11,12,5,8,10,8,12,8,4,5,10,6,5,0,2,0
19_6,0,0,0,0,0,0,3,0,2,0,2,1,3,1,1,1,3,3,2,4,3,6,3,3,5,6,4,4,3,9,7,8,7,11,14,6,9,8,10,7,11,4,9,3,7,11,9,6,7,14,9,7,7,6,0
19_7,1,0,0,0,0,0,1,1,1,0,2,1,3,1,3,2,5,2,4,1,1,4,2,3,1,2,3,0,0,2,0,3,2,5,5,1,5,4,2,4,4,1,3,3,1,5,5,2,1,7,1,4,3,1,0
19_8,0,0,0,0,0,0,0,0,0,0,0,0,0,0,0,0,0,0,0,0,0,0,0,0,0,0,0,0,0,0,0,0,0,0,0,0,0,0,0,1,0,1,0,0,0,1,0,0,0,0,0,0,0,0,0
19_9,0,0,0,0,0,0,0,0,1,0,1,0,0,0,1,0,0,0,0,0,0,0,1,0,0,0,0,0,0,0,0,0,0,1,0,1,0,0,0,0,1,1,1,0,1,0,0,0,0,0,0,0,1,0,0
19_10,0,0,0,0,0,0,0,1,3,0,3,5,0,2,3,2,0,1,0,0,2,0,3,0,3,1,1,1,0,0,1,0,3,2,2,0,2,2,0,6,3,5,4,4,7,3,2,2,1,2,3,2,4,0,0
19_11,0,0,0,0,0,0,1,1,2,1,1,2,2,1,1,0,2,2,1,1,1,3,3,2,2,0,0,1,1,0,2,1,0,0,2,0,2,0,1,2,1,3,1,2,1,4,0,4,0,2,3,2,2,0,0
19_12,0,0,0,0,0,0,2,0,0,2,0,1,2,1,3,0,5,0,0,1,1,3,1,6,3,2,1,1,3,3,4,1,3,2,0,1,3,1,2,2,2,0,1,2,1,1,1,1,1,3,1,1,0,0,0
19_13,0,0,0,0,0,0,0,0,0,0,0,0,2,3,2,1,2,1,2,2,0,1,0,0,0,0,0,0,0,0,0,0,0,4,0,1,2,1,0,3,0,0,1,2,2,1,1,0,4,1,2,2,2,2,0
19_14,0,0,0,0,0,0,0,1,0,1,0,1,0,0,1,2,1,0,4,1,0,3,3,1,0,0,0,0,0,0,1,1,0,2,1,2,1,1,0,1,2,0,4,3,1,0,1,0,0,1,2,0,0,0,0
19_15,0,0,0,0,0,0,1,0,3,0,0,0,0,5,0,7,1,1,2,0,1,1,0,0,0,0,1,2,1,1,0,3,0,4,3,2,2,2,3,3,8,0,2,1,2,0,1,2,1,0,2,1,2,0,0
19_16,0,0,0,0,0,0,1,1,3,0,1,2,2,3,0,1,0,4,4,10,4,9,5,3,5,7,2,1,2,0,0,0,1,1,0,0,0,0,0,1,0,0,0,1,1,0,0,0,0,0,0,0,0,1,0
19_17,1,0,0,0,0,0,8,9,19,11,19,24,23,29,34,31,34,13,14,7,5,17,18,8,17,3,17,17,12,25,32,25,28,46,26,28,36,23,34,46,40,20,30,27,29,33,21,19,17,36,33,33,21,17,0
19_18,0,0,0,0,0,1,2,2,2,2,3,2,2,3,5,6,6,10,13,7,13,14,9,20,11,7,6,12,1,11,7,9,4,9,24,8,8,6,9,12,21,7,16,12,18,17,18,9,12,20,6,3,5,0,0
19_19,0,0,0,0,0,0,0,0,0,2,2,0,1,1,1,2,2,2,3,3,2,3,5,9,2,5,0,3,1,2,5,3,1,2,2,1,3,1,1,0,1,1,3,2,2,0,1,2,1,1,0,0,1,0,0
19_20,0,0,0,0,0,0,0,0,0,0,0,0,0,0,0,0,0,0,0,0,0,0,0,0,0,0,0,0,0,0,0,0,0,0,0,0,0,0,0,0,0,0,0,0,0,0,0,0,0,0,0,0,0,0,0
19_21,0,0,0,0,0,0,0,0,0,0,0,0,0,0,0,0,0,0,0,0,0,0,0,0,0,0,0,0,0,0,0,0,0,0,0,0,0,0,0,0,0,0,0,0,0,0,0,0,0,0,0,0,0,0,0
19_22,0,0,0,0,0,0,0,0,0,0,0,0,0,0,0,0,0,0,0,0,0,0,0,0,0,0,0,0,0,0,0,0,0,0,0,0,0,0,0,0,0,0,0,0,0,0,0,0,0,0,0,0,0,0,0
19_23,0,0,0,0,0,0,3,1,1,0,3,6,2,7,2,6,4,7,2,1,1,4,1,3,0,0,0,2,2,1,6,1,6,5,0,2,0,0,1,3,2,0,0,2,2,0,0,2,9,17,18,18,13,15,0
19_24,1,0,0,0,0,1,2,1,7,6,10,11,8,13,15,17,25,9,23,15,16,22,17,18,14,18,11,18,12,26,18,22,18,30,26,19,30,14,23,30,28,15,22,13,30,22,19,17,9,12,8,7,7,2,0
19_25,0,0,0,0,0,0,5,9,16,8,11,9,14,16,22,15,11,11,8,11,7,14,18,14,19,4,12,10,2,11,18,14,9,23,25,16,17,16,18,26,28,13,24,25,14,24,20,9,10,26,11,9,7,0,0
19_26,0,0,0,0,0,0,0,0,0,0,0,0,1,0,0,0,1,0,0,0,0,0,0,1,1,0,2,2,0,0,0,0,0,0,0,0,0,0,0,0,0,0,1,0,0,1,1,1,1,1,2,1,0,0,0
19_27,0,0,0,0,0,0,1,1,0,1,0,0,2,0,1,2,1,2,1,0,0,3,1,3,1,0,0,1,0,0,2,0,1,0,0,0,0,0,1,0,2,0,1,1,2,1,0,0,1,1,0,0,0,1,0
19_28,0,0,0,0,0,0,0,0,0,0,1,2,1,0,0,0,0,0,0,0,0,0,0,0,0,0,0,0,0,0,0,0,0,0,0,0,0,0,1,0,2,0,1,1,1,1,0,1,0,0,0,1,0,0,0
19_29,0,0,0,0,0,0,0,0,0,0,0,0,0,0,0,0,0,0,0,0,0,0,0,1,0,0,0,0,0,0,0,0,0,0,1,0,0,0,0,0,0,0,0,0,1,1,0,0,0,0,0,0,0,0,0
19_30,0,0,0,0,0,0,0,0,0,0,0,0,0,0,0,0,0,0,0,0,0,0,0,0,0,0,0,0,0,0,0,0,0,0,0,0,0,0,0,0,0,0,0,0,0,0,0,0,0,0,0,0,0,0,0
19_31,0,0,0,0,0,0,0,0,0,0,1,0,0,1,1,0,0,0,0,0,0,0,0,0,0,0,0,0,0,0,0,0,0,0,0,0,0,0,0,0,0,0,0,0,0,1,1,0,0,0,0,0,0,0,0
19_32,0,0,0,0,0,2,0,0,0,0,0,0,0,0,0,0,1,0,0,0,0,0,0,1,0,0,0,0,0,0,0,0,0,0,0,0,0,0,0,0,0,0,0,0,0,0,0,0,0,0,0,0,0,0,0
20_0,0,0,0,0,0,0,0,0,1,0,0,0,1,1,1,0,0,0,0,0,0,1,0,0,0,0,0,0,2,0,0,0,0,0,0,0,0,0,0,0,0,0,0,0,0,0,0,0,0,1,0,1,1,0,0
20_1,0,0,0,0,0,0,2,0,0,2,0,2,0,1,0,1,0,1,0,1,0,0,0,0,1,0,0,2,2,2,0,0,0,0,0,0,0,0,0,0,0,0,0,0,0,0,0,0,0,0,0,0,0,1,0
20_2,0,0,0,0,1,1,3,4,6,7,7,7,12,7,9,8,11,11,9,8,7,6,5,10,7,3,3,5,3,6,4,4,3,4,2,4,7,2,7,3,7,6,5,5,5,1,5,1,2,5,4,1,2,2,0
20_3,1,4,7,1,3,2,11,12,14,11,16,15,11,15,31,17,13,19,19,17,10,8,12,12,11,7,9,6,5,5,11,6,7,5,4,3,8,8,5,6,9,5,12,5,8,9,5,7,8,10,9,13,17,6,0
20_4,3,2,3,4,4,3,13,18,10,13,20,18,14,17,24,10,23,20,19,21,19,20,23,16,20,12,19,9,13,14,10,12,10,13,13,9,19,6,11,5,6,12,5,9,9,10,4,11,6,12,16,7,12,2,0
20_5,4,3,5,6,3,6,13,17,15,25,20,23,17,18,15,21,24,22,15,17,16,13,9,14,15,10,11,12,9,15,12,12,9,14,15,14,17,6,14,10,14,15,7,19,8,24,7,7,16,20,14,9,6,9,0
20_6,2,6,2,6,4,5,9,17,7,11,16,10,13,12,13,14,20,7,16,13,14,13,11,9,9,7,12,12,9,5,14,9,6,11,10,11,20,11,9,12,7,10,14,15,13,14,11,10,20,14,19,17,8,5,0
20_7,1,0,3,6,2,6,12,12,10,6,16,18,10,9,14,8,12,16,10,14,11,9,4,10,11,5,4,5,7,3,7,10,2,11,2,9,11,6,9,5,12,8,12,13,10,8,8,16,12,8,21,7,10,4,0
20_8,0,0,0,0,0,1,1,1,1,0,0,2,0,0,0,1,0,0,0,0,0,0,0,1,0,0,0,0,0,0,1,0,0,0,0,1,0,0,1,0,1,0,0,0,1,1,1,0,1,1,0,0,0,0,0
20_9,0,0,0,0,0,1,0,1,3,0,0,0,2,0,0,1,0,0,1,0,0,0,0,0,1,0,0,1,0,0,3,5,0,0,1,0,0,0,0,0,0,0,1,0,2,1,0,0,2,0,1,0,0,0,0
20_10,1,0,1,1,3,0,2,4,4,5,4,3,4,6,5,7,5,9,5,6,8,3,5,2,3,0,0,1,4,2,3,3,3,4,6,7,8,3,7,5,4,1,6,4,5,3,6,3,8,7,9,5,6,3,0
20_11,2,2,2,0,1,6,9,9,5,8,4,13,7,7,5,6,6,3,4,12,5,5,2,5,4,6,4,5,4,0,3,6,7,9,4,3,8,4,3,6,4,10,6,2,2,4,8,5,5,2,5,8,1,1,0
20_12,2,1,0,1,1,2,5,1,3,6,5,6,0,1,6,5,1,5,1,4,0,3,2,6,6,7,4,4,3,5,1,4,6,5,1,5,3,3,4,4,3,5,7,7,3,2,6,4,4,1,2,4,2,3,0
20_13,0,0,1,1,0,1,5,3,5,4,1,7,1,7,4,3,3,7,4,4,4,1,8,3,4,3,2,3,2,5,2,2,3,0,2,1,2,0,4,3,6,6,4,4,1,4,1,4,1,5,5,2,3,0,0
20_14,1,2,2,0,2,2,1,7,4,4,7,3,8,3,3,7,1,11,3,6,2,3,3,5,4,1,5,0,3,2,1,3,3,2,3,5,6,1,4,4,7,4,2,3,7,6,3,2,1,7,3,3,1,0,0
20_15,0,0,0,0,2,3,3,1,8,1,4,2,3,5,7,3,6,2,5,3,3,2,1,1,2,1,1,2,2,3,2,5,1,7,0,2,4,3,5,2,6,5,2,3,7,4,4,7,3,6,8,6,6,1,0
20_16,0,0,4,2,1,1,24,11,10,12,34,20,22,20,55,29,44,37,45,34,26,18,22,26,21,18,16,11,13,18,19,19,12,19,16,18,24,10,24,5,13,14,15,10,12,8,10,6,13,14,16,10,9,13,0
20_17,13,19,21,20,17,18,21,49,26,45,36,37,36,31,40,35,25,34,22,21,25,11,18,15,29,7,16,15,17,9,19,11,11,13,9,9,14,8,8,16,13,12,15,11,8,9,10,8,7,12,8,5,11,9,0
20_18,4,1,1,4,8,20,44,47,59,44,50,71,45,57,42,48,56,62,44,71,48,56,45,52,48,36,42,41,38,40,36,50,37,52,38,46,74,35,51,43,58,61,52,67,60,74,48,63,68,73,91,68,55,15,0
20_19,0,0,0,0,0,0,0,0,1,2,0,1,0,1,0,0,0,0,0,0,0,2,0,1,0,1,0,0,0,0,0,1,0,1,0,1,1,0,0,1,2,0,1,1,1,0,1,0,1,0,1,0,0,0,0
20_20,0,0,0,0,0,0,0,0,0,0,0,0,0,0,0,0,0,0,0,0,0,0,0,0,0,0,0,0,0,0,0,0,0,0,0,0,0,0,0,0,0,0,0,0,0,0,0,0,0,0,0,0,0,0,0
20_21,0,0,0,0,0,0,0,0,0,0,0,0,0,0,0,0,0,0,0,0,0,0,0,0,0,0,0,0,0,0,0,0,0,0,0,0,0,0,0,0,0,0,0,0,0,0,0,0,0,0,0,0,0,0,0
20_22,0,0,0,0,0,0,0,0,0,0,0,0,0,0,0,0,0,0,0,0,0,0,0,0,0,0,0,0,0,0,0,0,0,0,0,0,0,0,0,0,0,0,0,0,0,0,0,0,0,0,0,0,0,0,0
20_23,0,0,1,0,0,1,3,6,10,5,6,20,14,26,31,31,34,53,50,50,53,38,35,38,39,23,36,25,33,24,43,27,21,29,25,31,53,23,37,27,43,32,35,28,29,32,20,24,39,49,40,43,35,16,0
20_24,9,7,7,10,15,20,32,47,40,47,50,60,50,52,45,45,49,35,32,29,32,27,23,20,23,16,17,19,14,19,13,16,10,18,18,16,16,8,21,12,16,18,24,22,23,16,19,22,19,17,34,16,14,10,0
20_25,6,10,17,14,11,14,44,45,41,47,55,43,35,26,50,23,30,30,16,28,11,13,19,28,25,19,15,20,18,17,12,32,27,36,18,22,41,13,17,16,20,17,10,16,19,20,15,10,12,14,22,4,7,2,0
20_26,0,0,0,0,0,0,0,0,0,0,1,0,0,0,0,0,0,0,0,1,0,0,0,0,0,0,1,0,0,0,0,1,0,0,0,0,0,0,0,0,0,0,0,0,0,0,0,0,0,0,0,0,0,0,0
20_27,1,1,0,0,0,1,6,6,3,2,5,1,4,3,2,0,2,0,2,3,0,1,3,2,3,1,0,0,0,0,1,3,0,1,0,0,0,1,0,0,0,0,1,1,1,1,3,1,3,1,0,0,2,0,0
20_28,1,1,1,0,0,0,0,0,1,0,1,1,0,1,5,2,1,1,0,1,0,0,1,2,1,0,1,3,0,1,2,0,0,0,0,0,0,0,0,0,1,1,1,1,2,0,2,1,0,1,0,1,1,1,0
20_29,0,1,0,2,0,3,4,3,1,2,2,4,0,1,4,11,9,14,11,14,3,8,4,4,7,3,4,0,3,6,3,2,2,1,2,5,3,8,8,10,6,19,12,21,7,22,10,19,16,17,20,19,16,8,0
20_30,0,0,0,0,0,0,0,0,0,0,0,0,0,0,0,0,0,0,0,0,0,0,0,0,0,0,0,0,0,0,0,0,0,0,0,0,0,0,0,0,0,0,0,0,0,0,0,0,0,0,0,0,0,0,0
20_31,1,0,1,0,0,0,0,1,1,2,0,0,1,1,0,1,0,1,0,0,1,0,1,1,0,0,0,0,0,0,0,0,0,0,0,0,0,0,0,0,1,0,0,0,1,0,1,0,1,0,1,0,0,0,0
20_32,0,0,0,1,0,0,0,0,0,1,0,0,0,0,0,0,1,1,1,0,0,0,1,0,0,1,2,2,1,0,0,0,0,1,1,4,1,0,0,0,0,0,1,1,1,0,0,3,3,1,0,2,0,1,0,3,1,3

